"site","tray","pos","soil","geno","surv","fruits_plant","fruits_sdl","seeds_fruit"
"cast",1,1,"volc","sw",1,3,3,NA
"cast",1,2,"ferr","it",1,37,37,47
"cast",1,3,"volc","it",1,58,58,NA
"cast",1,4,"ferr","sw",1,7,7,23
"cast",1,5,"ferr","it",1,23,23,43
"cast",1,6,"ferr","it",1,42,42,30
"cast",1,7,"volc","sw",1,8,8,23
"cast",1,8,"volc","sw",1,7,7,25
"cast",1,9,"ferr","it",1,23,23,41
"cast",1,10,"volc","it",1,20,20,45
"cast",1,11,"ferr","sw",1,12,12,31
"cast",1,12,"volc","sw",1,9,9,19
"cast",1,13,"volc","sw",1,14,14,25
"cast",1,14,"ferr","it",1,68,68,51
"cast",1,15,"volc","it",1,41,41,53
"cast",1,16,"volc","it",1,31,31,43
"cast",1,17,"ferr","sw",1,4,4,NA
"cast",1,18,"volc","it",1,36,36,49
"cast",1,19,"volc","it",1,35,35,45
"cast",1,20,"ferr","sw",1,8,8,29
"cast",1,21,"volc","it",1,37,37,39
"cast",1,22,"volc","sw",1,4,4,25
"cast",1,23,"ferr","it",1,26,26,48
"cast",1,24,"ferr","sw",1,9,9,36
"cast",1,25,"volc","sw",1,10,10,28
"cast",1,26,"ferr","it",1,16,16,46
"cast",1,27,"ferr","sw",1,3,3,NA
"cast",1,28,"volc","it",1,18,18,40
"cast",1,29,"volc","sw",1,12,12,38
"cast",1,30,"volc","it",1,14,14,37
"cast",1,31,"ferr","sw",1,9,9,29
"cast",1,32,"ferr","sw",1,5,5,20
"cast",1,33,"volc","sw",1,5,5,19
"cast",1,34,"volc","sw",1,8,8,32
"cast",1,35,"ferr","it",1,24,24,42
"cast",1,36,"ferr","sw",1,13,13,32
"cast",1,37,"volc","sw",1,9,9,29
"cast",1,38,"volc","it",1,30,30,50
"cast",1,39,"volc","it",1,16,16,34
"cast",1,40,"ferr","it",1,20,20,41
"cast",1,41,"ferr","it",1,6,6,NA
"cast",1,42,"ferr","sw",1,1,1,NA
"cast",1,43,"volc","sw",1,7,7,NA
"cast",1,44,"ferr","sw",1,11,11,36
"cast",1,45,"ferr","it",1,22,22,40
"cast",1,46,"ferr","it",1,20,20,38
"cast",1,47,"volc","sw",1,4,4,27
"cast",1,48,"ferr","sw",1,7,7,19
"cast",1,49,"ferr","it",1,23,23,29
"cast",1,50,"volc","sw",1,12,12,33
"cast",1,51,"ferr","sw",1,6,6,21
"cast",1,52,"ferr","it",1,22,22,40
"cast",1,53,"ferr","it",0,NA,0,NA
"cast",1,54,"volc","it",1,138,138,58
"cast",1,55,"volc","sw",0,NA,0,NA
"cast",1,56,"volc","it",1,6,6,NA
"cast",1,57,"ferr","it",1,20,20,45
"cast",1,58,"volc","it",1,30,30,59
"cast",1,59,"ferr","sw",1,6,6,27
"cast",1,60,"volc","sw",1,3,3,26
"cast",1,61,"volc","sw",1,4,4,21
"cast",1,62,"ferr","sw",1,5,5,14
"cast",1,63,"volc","it",1,21,21,34
"cast",1,64,"ferr","sw",1,10,10,29
"cast",1,65,"volc","it",1,19,19,32
"cast",1,66,"volc","it",1,18,18,NA
"cast",1,67,"ferr","it",1,24,24,42
"cast",1,68,"volc","it",1,28,28,43
"cast",1,69,"ferr","sw",1,2,2,NA
"cast",1,70,"ferr","it",0,NA,0,NA
"cast",1,71,"volc","it",1,37,37,52
"cast",1,72,"volc","sw",1,4,4,NA
"cast",1,73,"volc","it",1,29,29,45
"cast",1,74,"volc","sw",1,7,7,32
"cast",1,75,"ferr","sw",1,9,9,24
"cast",1,76,"volc","it",1,38,38,44
"cast",1,77,"volc","it",1,20,20,44
"cast",1,78,"volc","it",1,37,37,48
"cast",1,79,"volc","sw",1,3,3,8
"cast",1,80,"volc","it",1,76,76,55
"cast",1,81,"volc","it",1,14,14,43
"cast",1,82,"ferr","sw",1,7,7,29
"cast",1,83,"ferr","sw",1,8,8,25
"cast",1,84,"ferr","sw",1,4,4,NA
"cast",1,85,"volc","sw",1,NA,NA,NA
"cast",1,86,"volc","sw",1,5,5,24
"cast",1,87,"volc","it",1,30,30,48
"cast",1,88,"volc","sw",1,9,9,21
"cast",1,89,"volc","it",1,22,22,46
"cast",1,90,"ferr","sw",1,11,11,33
"cast",1,91,"ferr","sw",1,10,10,31
"cast",1,92,"ferr","sw",0,NA,0,NA
"cast",1,93,"ferr","sw",1,9,9,27
"cast",1,94,"ferr","it",1,24,24,39
"cast",1,95,"volc","it",1,20,20,33
"cast",1,96,"ferr","it",1,22,22,39
"cast",1,97,"ferr","it",1,25,25,43
"cast",1,98,"ferr","sw",1,NA,NA,22
"cast",1,99,"ferr","it",1,28,28,41
"cast",1,100,"ferr","sw",1,5,5,21
"cast",1,101,"ferr","sw",1,5,5,26
"cast",1,102,"volc","it",1,20,20,37
"cast",1,103,"volc","sw",1,11,11,31
"cast",1,104,"ferr","sw",1,7,7,23
"cast",1,105,"ferr","it",1,16,16,47
"cast",1,106,"ferr","sw",0,NA,0,NA
"cast",1,107,"volc","it",1,31,31,38
"cast",1,108,"ferr","sw",0,NA,0,NA
"cast",1,109,"ferr","it",1,18,18,42
"cast",1,110,"volc","sw",1,15,15,31
"cast",1,111,"ferr","it",1,14,14,30
"cast",1,112,"volc","it",1,34,34,42
"cast",1,113,"ferr","it",1,20,20,43
"cast",1,114,"ferr","sw",1,14,14,25
"cast",1,115,"volc","sw",1,5,5,20
"cast",1,116,"volc","it",1,9,9,NA
"cast",1,117,"ferr","sw",0,NA,0,NA
"cast",1,118,"ferr","sw",0,NA,0,NA
"cast",1,119,"ferr","it",1,4,4,NA
"cast",1,120,"volc","sw",0,NA,0,NA
"cast",1,121,"ferr","it",1,25,25,33
"cast",1,122,"ferr","it",1,37,37,34
"cast",1,123,"volc","it",1,19,19,40
"cast",1,124,"volc","it",1,16,16,33
"cast",1,125,"ferr","it",1,16,16,28
"cast",1,126,"ferr","it",1,16,16,25
"cast",1,127,"ferr","it",1,20,20,34
"cast",1,128,"ferr","it",1,15,15,30
"cast",1,129,"ferr","it",1,23,23,14
"cast",1,130,"volc","sw",1,12,12,30
"cast",1,131,"ferr","it",1,8,8,27
"cast",1,132,"ferr","sw",0,NA,0,NA
"cast",1,133,"ferr","sw",0,NA,0,NA
"cast",1,134,"ferr","sw",0,NA,0,NA
"cast",1,135,"volc","sw",1,15,15,43
"cast",1,136,"volc","sw",1,11,11,32
"cast",1,137,"volc","sw",1,6,6,19
"cast",1,138,"volc","it",1,22,22,42
"cast",1,139,"volc","it",1,19,19,43
"cast",1,140,"ferr","sw",1,10,10,27
"cast",1,141,"volc","it",1,27,27,49
"cast",1,142,"volc","sw",1,8,8,30
"cast",1,143,"volc","it",1,23,23,40
"cast",1,144,"volc","it",1,17,17,41
"cast",1,145,"volc","it",1,62,62,50
"cast",1,146,"ferr","sw",1,2,2,NA
"cast",1,147,"ferr","it",1,42,42,53
"cast",1,148,"volc","it",1,15,15,40
"cast",1,149,"volc","it",1,49,49,50
"cast",1,150,"volc","it",1,8,8,17
"cast",1,151,"ferr","sw",1,4,4,24
"cast",1,152,"volc","sw",1,7,7,28
"cast",1,153,"ferr","sw",1,10,10,31
"cast",1,154,"volc","sw",1,8,8,27
"cast",1,155,"ferr","sw",1,9,9,24
"cast",1,156,"ferr","sw",1,8,8,18
"cast",1,157,"volc","it",1,38,38,46
"cast",1,158,"ferr","it",1,22,22,45
"cast",1,159,"volc","sw",0,NA,0,NA
"cast",1,160,"ferr","it",1,30,30,39
"cast",1,161,"volc","it",1,15,15,34
"cast",1,162,"volc","it",1,24,24,44
"cast",1,163,"volc","sw",1,4,4,21
"cast",1,164,"volc","sw",1,12,12,25
"cast",1,165,"volc","sw",1,4,4,24
"cast",1,166,"volc","it",1,21,21,38
"cast",1,167,"volc","it",1,14,14,NA
"cast",1,168,"ferr","sw",1,8,8,24
"cast",1,169,"volc","sw",1,8,8,NA
"cast",1,170,"ferr","it",1,31,31,47
"cast",1,171,"ferr","it",1,27,27,51
"cast",1,172,"volc","it",1,21,21,43
"cast",1,173,"volc","sw",1,2,2,28
"cast",1,174,"volc","it",1,18,18,32
"cast",1,175,"ferr","sw",1,3,3,19
"cast",1,176,"volc","sw",1,10,10,32
"cast",1,177,"volc","sw",1,7,7,30
"cast",1,178,"ferr","sw",1,6,6,36
"cast",1,179,"ferr","it",1,13,13,15
"cast",1,180,"ferr","it",1,17,17,35
"cast",1,181,"volc","sw",1,9,9,13
"cast",1,182,"volc","sw",1,12,12,32
"cast",1,183,"volc","sw",1,NA,NA,35
"cast",1,184,"ferr","sw",1,3,3,17
"cast",1,185,"volc","sw",1,3,3,17
"cast",1,186,"volc","it",1,37,37,45
"cast",1,187,"ferr","sw",1,7,7,24
"cast",1,188,"ferr","it",1,21,21,44
"cast",1,189,"volc","sw",1,10,10,35
"cast",1,190,"ferr","it",1,21,21,39
"cast",1,191,"ferr","it",1,16,16,NA
"cast",1,192,"volc","sw",1,6,6,24
"cast",1,193,"ferr","it",1,21,21,40
"cast",1,194,"ferr","it",1,31,31,44
"cast",1,195,"volc","sw",1,7,7,32
"cast",1,196,"ferr","sw",1,3,3,NA
"cast",1,197,"volc","it",1,14,14,49
"cast",1,198,"volc","sw",1,3,3,16
"cast",1,199,"ferr","sw",1,5,5,25
"cast",1,200,"volc","it",1,12,12,26
"cast",1,201,"volc","sw",1,7,7,28
"cast",1,202,"ferr","sw",1,3,3,NA
"cast",1,203,"volc","sw",1,6,6,20
"cast",1,204,"ferr","sw",1,10,10,19
"cast",1,205,"ferr","it",1,27,27,41
"cast",1,206,"ferr","sw",1,10,10,26
"cast",1,207,"ferr","it",1,14,14,35
"cast",1,208,"volc","sw",1,6,6,24
"cast",1,209,"ferr","sw",0,NA,0,NA
"cast",1,210,"ferr","it",1,19,19,47
"cast",1,211,"volc","it",1,27,27,44
"cast",1,212,"ferr","it",1,20,20,40
"cast",1,213,"ferr","it",1,20,20,38
"cast",1,214,"volc","it",1,18,18,34
"cast",1,215,"volc","it",1,15,15,31
"cast",1,216,"volc","sw",1,7,7,30
"cast",1,217,"volc","sw",1,6,6,27
"cast",1,218,"volc","sw",1,9,9,27
"cast",1,219,"ferr","it",1,19,19,37
"cast",1,220,"volc","it",1,11,11,27
"cast",1,221,"ferr","sw",1,5,5,19
"cast",1,222,"ferr","it",1,40,40,51
"cast",1,223,"volc","sw",1,7,7,30
"cast",1,224,"ferr","it",1,36,36,43
"cast",1,225,"volc","it",1,41,41,47
"cast",1,226,"ferr","sw",1,8,8,28
"cast",1,227,"ferr","sw",1,6,6,33
"cast",1,228,"volc","it",1,15,15,37
"cast",1,229,"ferr","sw",1,6,6,23
"cast",1,230,"volc","sw",1,NA,NA,NA
"cast",1,231,"volc","sw",1,5,5,20
"cast",1,232,"ferr","it",1,11,11,30
"cast",1,233,"volc","sw",1,10,10,28
"cast",1,234,"ferr","sw",1,7,7,25
"cast",1,235,"volc","sw",1,8,8,40
"cast",1,236,"volc","sw",1,4,4,19
"cast",1,237,"ferr","sw",1,9,9,32
"cast",1,238,"ferr","sw",1,5,5,20
"cast",1,239,"ferr","it",1,31,31,39
"cast",1,240,"ferr","it",1,46,46,52
"cast",1,241,"ferr","sw",1,6,6,25
"cast",1,242,"ferr","it",1,12,12,36
"cast",1,243,"volc","it",1,13,13,34
"cast",1,244,"volc","sw",1,4,4,NA
"cast",1,245,"ferr","it",1,26,26,41
"cast",1,246,"volc","it",1,13,13,38
"cast",1,247,"ferr","it",1,24,24,41
"cast",1,248,"ferr","sw",1,9,9,19
"cast",1,249,"volc","sw",1,6,6,16
"cast",1,250,"ferr","sw",1,14,14,27
"cast",1,251,"ferr","sw",1,4,4,20
"cast",1,252,"volc","sw",1,5,5,25
"cast",1,253,"ferr","it",1,14,14,35
"cast",1,254,"ferr","it",1,18,18,29
"cast",1,255,"ferr","sw",1,6,6,NA
"cast",1,256,"ferr","it",1,32,32,46
"cast",1,257,"volc","it",1,11,11,28
"cast",1,258,"volc","sw",1,4,4,19
"cast",1,259,"volc","it",1,14,14,21
"cast",1,260,"volc","it",1,26,26,46
"cast",2,1,"ferr","sw",1,10,10,27
"cast",2,2,"ferr","it",1,16,16,35
"cast",2,3,"volc","it",1,15,15,34
"cast",2,4,"volc","sw",1,4,4,NA
"cast",2,5,"volc","sw",1,13,13,31
"cast",2,6,"volc","sw",1,NA,NA,NA
"cast",2,7,"ferr","sw",1,7,7,21
"cast",2,8,"volc","it",1,16,16,39
"cast",2,9,"volc","it",1,8,8,24
"cast",2,10,"ferr","it",1,20,20,39
"cast",2,11,"ferr","sw",1,3,3,24
"cast",2,12,"volc","it",1,22,22,45
"cast",2,13,"ferr","it",1,22,22,45
"cast",2,14,"volc","it",1,19,19,34
"cast",2,15,"ferr","it",1,27,27,36
"cast",2,16,"volc","it",1,26,26,48
"cast",2,17,"ferr","it",1,27,27,44
"cast",2,18,"ferr","it",1,20,20,42
"cast",2,19,"volc","sw",0,NA,0,NA
"cast",2,20,"volc","it",1,24,24,41
"cast",2,21,"ferr","sw",1,1,1,7
"cast",2,22,"volc","it",1,22,22,43
"cast",2,23,"volc","it",1,14,14,33
"cast",2,24,"ferr","it",1,10,10,33
"cast",2,25,"volc","it",1,11,11,NA
"cast",2,26,"volc","it",1,21,21,42
"cast",2,27,"volc","sw",1,8,8,29
"cast",2,28,"volc","sw",1,8,8,NA
"cast",2,29,"ferr","sw",1,13,13,33
"cast",2,30,"ferr","sw",1,9,9,30
"cast",2,31,"ferr","sw",1,8,8,28
"cast",2,32,"volc","it",1,20,20,25
"cast",2,33,"volc","it",1,25,25,36
"cast",2,34,"ferr","it",1,29,29,42
"cast",2,35,"volc","it",1,29,29,47
"cast",2,36,"ferr","sw",1,6,6,20
"cast",2,37,"ferr","it",1,25,25,42
"cast",2,38,"ferr","sw",1,5,5,28
"cast",2,39,"volc","sw",1,9,9,25
"cast",2,40,"ferr","it",1,43,43,44
"cast",2,41,"volc","it",1,20,20,46
"cast",2,42,"volc","sw",1,9,9,32
"cast",2,43,"ferr","sw",1,10,10,22
"cast",2,44,"ferr","sw",1,10,10,28
"cast",2,45,"volc","it",1,37,37,47
"cast",2,46,"volc","it",1,11,11,28
"cast",2,47,"ferr","it",1,20,20,42
"cast",2,48,"ferr","it",1,16,16,28
"cast",2,49,"ferr","sw",1,9,9,21
"cast",2,50,"volc","sw",1,8,8,22
"cast",2,51,"volc","sw",1,7,7,28
"cast",2,52,"volc","sw",1,10,10,24
"cast",2,53,"volc","sw",1,2,2,11
"cast",2,54,"volc","it",1,12,12,0
"cast",2,55,"ferr","sw",1,0,0,NA
"cast",2,56,"ferr","it",1,40,40,45
"cast",2,57,"ferr","sw",1,8,8,23
"cast",2,58,"volc","sw",1,8,8,22
"cast",2,59,"volc","it",1,17,17,33
"cast",2,60,"ferr","sw",1,7,7,21
"cast",2,61,"ferr","it",1,17,17,28
"cast",2,62,"volc","sw",1,9,9,23
"cast",2,63,"ferr","it",1,27,27,27
"cast",2,64,"volc","it",1,18,18,NA
"cast",2,65,"ferr","sw",1,5,5,29
"cast",2,66,"ferr","it",1,23,23,40
"cast",2,67,"volc","it",1,34,34,42
"cast",2,68,"ferr","it",1,23,23,40
"cast",2,69,"volc","it",1,24,24,46
"cast",2,70,"volc","it",1,12,12,27
"cast",2,71,"volc","it",1,13,13,31
"cast",2,72,"ferr","sw",1,10,10,26
"cast",2,73,"ferr","sw",1,11,11,25
"cast",2,74,"ferr","sw",1,7,7,21
"cast",2,75,"volc","sw",1,7,7,20
"cast",2,76,"ferr","it",1,14,14,27
"cast",2,77,"volc","it",1,12,12,36
"cast",2,78,"ferr","it",1,18,18,33
"cast",2,79,"ferr","it",1,17,17,28
"cast",2,80,"ferr","it",1,48,48,53
"cast",2,81,"ferr","sw",1,19,19,36
"cast",2,82,"volc","it",1,13,13,20
"cast",2,83,"ferr","sw",1,2,2,NA
"cast",2,84,"volc","it",1,17,17,30
"cast",2,85,"ferr","it",1,11,11,26
"cast",2,86,"volc","sw",1,5,5,21
"cast",2,87,"ferr","it",1,18,18,36
"cast",2,88,"ferr","it",1,13,13,NA
"cast",2,89,"ferr","it",1,21,21,29
"cast",2,90,"ferr","it",1,15,15,32
"cast",2,91,"volc","it",1,13,13,29
"cast",2,92,"ferr","sw",1,7,7,24
"cast",2,93,"ferr","sw",1,8,8,24
"cast",2,94,"volc","it",1,47,47,51
"cast",2,95,"volc","sw",1,7,7,25
"cast",2,96,"ferr","sw",1,9,9,28
"cast",2,97,"volc","sw",1,7,7,27
"cast",2,98,"ferr","sw",1,6,6,25
"cast",2,99,"volc","it",1,12,12,25
"cast",2,100,"volc","it",1,17,17,41
"cast",2,101,"ferr","it",1,14,14,27
"cast",2,102,"ferr","sw",1,9,9,26
"cast",2,103,"volc","sw",1,5,5,28
"cast",2,104,"ferr","it",1,18,18,37
"cast",2,105,"ferr","it",1,31,31,47
"cast",2,106,"volc","it",1,19,19,28
"cast",2,107,"ferr","it",1,55,55,50
"cast",2,108,"volc","sw",1,6,6,17
"cast",2,109,"ferr","sw",1,8,8,28
"cast",2,110,"volc","it",1,13,13,NA
"cast",2,111,"volc","sw",1,4,4,19
"cast",2,112,"volc","it",1,11,11,NA
"cast",2,113,"volc","sw",1,5,5,25
"cast",2,114,"volc","sw",1,7,7,28
"cast",2,115,"ferr","sw",1,12,12,31
"cast",2,116,"ferr","sw",1,2,2,NA
"cast",2,117,"ferr","sw",1,6,6,28
"cast",2,118,"ferr","it",1,22,22,35
"cast",2,119,"ferr","sw",1,9,9,23
"cast",2,120,"volc","it",1,15,15,20
"cast",2,121,"volc","it",1,43,43,50
"cast",2,122,"volc","it",1,26,26,45
"cast",2,123,"ferr","sw",1,10,10,32
"cast",2,124,"volc","it",1,16,16,NA
"cast",2,125,"ferr","it",1,16,16,40
"cast",2,126,"volc","it",1,13,13,41
"cast",2,127,"ferr","sw",1,11,11,29
"cast",2,128,"volc","sw",1,8,8,25
"cast",2,129,"ferr","it",1,22,22,34
"cast",2,130,"volc","sw",1,9,9,29
"cast",2,131,"volc","it",1,25,25,39
"cast",2,132,"ferr","sw",1,13,13,32
"cast",2,133,"ferr","sw",1,20,20,42
"cast",2,134,"volc","sw",1,9,9,20
"cast",2,135,"volc","it",1,26,26,44
"cast",2,136,"volc","it",1,16,16,27
"cast",2,137,"ferr","sw",1,2,2,15
"cast",2,138,"volc","it",1,15,15,38
"cast",2,139,"volc","it",1,19,19,43
"cast",2,140,"ferr","it",1,20,20,39
"cast",2,141,"ferr","sw",1,6,6,23
"cast",2,142,"ferr","it",1,23,23,49
"cast",2,143,"volc","sw",NA,NA,NA,NA
"cast",2,144,"ferr","sw",NA,NA,NA,NA
"cast",2,145,"volc","sw",NA,NA,NA,32
"cast",2,146,"volc","sw",1,10,10,24
"cast",2,147,"ferr","sw",1,12,12,27
"cast",2,148,"ferr","sw",1,11,11,27
"cast",2,149,"volc","it",1,15,15,33
"cast",2,150,"ferr","it",1,12,12,NA
"cast",2,151,"ferr","sw",1,5,5,NA
"cast",2,152,"ferr","sw",1,8,8,26
"cast",2,153,"volc","it",1,23,23,NA
"cast",2,154,"ferr","it",1,12,12,34
"cast",2,155,"volc","sw",1,5,5,19
"cast",2,156,"volc","it",1,12,12,34
"cast",2,157,"volc","it",1,17,17,40
"cast",2,158,"volc","sw",1,14,14,34
"cast",2,159,"volc","sw",1,15,15,34
"cast",2,160,"volc","sw",1,9,9,19
"cast",2,161,"ferr","it",1,27,27,33
"cast",2,162,"ferr","it",1,13,13,NA
"cast",2,163,"ferr","it",1,17,17,NA
"cast",2,164,"volc","it",1,21,21,33
"cast",2,165,"ferr","sw",1,7,7,26
"cast",2,166,"ferr","sw",1,8,8,16
"cast",2,167,"ferr","sw",1,6,6,25
"cast",2,168,"ferr","it",1,31,31,44
"cast",2,169,"volc","sw",1,11,11,22
"cast",2,170,"volc","sw",1,17,17,35
"cast",2,171,"volc","it",1,36,36,42
"cast",2,172,"ferr","sw",1,9,9,19
"cast",2,173,"ferr","it",1,29,29,51
"cast",2,174,"volc","it",1,21,21,41
"cast",2,175,"ferr","it",1,20,20,36
"cast",2,176,"ferr","it",1,19,19,38
"cast",2,177,"volc","it",1,18,18,25
"cast",2,178,"volc","sw",1,NA,NA,24
"cast",2,179,"volc","it",1,14,14,23
"cast",2,180,"ferr","it",1,13,13,32
"cast",2,181,"volc","it",1,43,43,43
"cast",2,182,"ferr","sw",1,7,7,24
"cast",2,183,"ferr","it",1,19,19,35
"cast",2,184,"volc","sw",1,9,9,24
"cast",2,185,"volc","sw",1,12,12,34
"cast",2,186,"volc","sw",1,8,8,28
"cast",2,187,"ferr","sw",1,7,7,26
"cast",2,188,"volc","it",1,14,14,32
"cast",2,189,"ferr","it",1,17,17,36
"cast",2,190,"ferr","it",1,16,16,31
"cast",2,191,"volc","sw",1,4,4,NA
"cast",2,192,"volc","it",1,10,10,25
"cast",2,193,"ferr","it",1,22,22,38
"cast",2,194,"ferr","sw",1,8,8,14
"cast",2,195,"volc","it",1,18,18,39
"cast",2,196,"volc","it",1,23,23,45
"cast",2,197,"ferr","sw",1,17,17,31
"cast",2,198,"ferr","it",1,21,21,35
"cast",2,199,"ferr","sw",1,8,8,25
"cast",2,200,"volc","sw",1,5,5,24
"cast",2,201,"volc","sw",1,8,8,NA
"cast",2,202,"ferr","sw",1,7,7,NA
"cast",2,203,"ferr","sw",1,9,9,27
"cast",2,204,"ferr","it",1,13,13,19
"cast",2,205,"ferr","it",1,10,10,19
"cast",2,206,"ferr","it",1,16,16,27
"cast",2,207,"volc","sw",1,3,3,20
"cast",2,208,"volc","sw",1,5,5,6
"cast",2,209,"volc","sw",1,6,6,24
"cast",2,210,"volc","it",1,12,12,33
"cast",2,211,"volc","sw",1,5,5,19
"cast",2,212,"ferr","sw",1,6,6,19
"cast",2,213,"volc","sw",1,7,7,NA
"cast",2,214,"ferr","it",1,20,20,32
"cast",2,215,"ferr","sw",1,6,6,26
"cast",2,216,"volc","sw",1,7,7,28
"cast",2,217,"volc","sw",1,7,7,33
"cast",2,218,"volc","sw",1,5,5,31
"cast",2,219,"volc","sw",1,6,6,21
"cast",2,220,"ferr","it",1,15,15,36
"cast",2,221,"volc","sw",1,5,5,27
"cast",2,222,"volc","sw",1,12,12,26
"cast",2,223,"ferr","it",1,22,22,42
"cast",2,224,"ferr","sw",1,8,8,31
"cast",2,225,"volc","it",1,14,14,NA
"cast",2,226,"ferr","it",1,17,17,31
"cast",2,227,"volc","it",1,15,15,32
"cast",2,228,"ferr","it",1,13,13,35
"cast",2,229,"volc","sw",1,4,4,20
"cast",2,230,"ferr","it",1,17,17,32
"cast",2,231,"ferr","sw",1,7,7,21
"cast",2,232,"volc","sw",1,7,7,32
"cast",2,233,"volc","sw",1,3,3,25
"cast",2,234,"volc","sw",1,10,10,30
"cast",2,235,"ferr","it",1,24,24,41
"cast",2,236,"ferr","it",1,27,27,44
"cast",2,237,"ferr","sw",1,9,9,33
"cast",2,238,"ferr","it",1,NA,NA,37
"cast",2,239,"volc","sw",1,10,10,31
"cast",2,240,"ferr","sw",1,10,10,34
"cast",2,241,"ferr","it",1,23,23,40
"cast",2,242,"ferr","sw",1,11,11,20
"cast",2,243,"ferr","sw",1,5,5,43
"cast",2,244,"volc","sw",1,6,6,NA
"cast",2,245,"volc","it",1,27,27,NA
"cast",2,246,"volc","it",1,13,13,30
"cast",2,247,"ferr","sw",1,7,7,28
"cast",2,248,"volc","sw",1,7,7,24
"cast",2,249,"volc","it",1,10,10,28
"cast",2,250,"volc","sw",1,4,4,21
"cast",2,251,"volc","sw",1,5,5,24
"cast",2,252,"ferr","sw",1,11,11,26
"cast",2,253,"volc","sw",1,8,8,30
"cast",2,254,"ferr","sw",1,NA,NA,35
"cast",2,255,"volc","sw",1,6,6,27
"cast",2,256,"volc","sw",1,5,5,19
"cast",2,257,"ferr","sw",1,5,5,19
"cast",2,258,"ferr","it",1,14,14,29
"cast",2,259,"volc","sw",1,8,8,NA
"cast",2,260,"ferr","sw",1,6,6,NA
"cast",3,1,"ferr","it",1,14,14,30
"cast",3,2,"ferr","it",1,20,20,43
"cast",3,3,"ferr","sw",1,10,10,35
"cast",3,4,"volc","sw",1,7,7,NA
"cast",3,5,"ferr","it",1,16,16,NA
"cast",3,6,"volc","it",1,14,14,41
"cast",3,7,"ferr","sw",1,21,21,23
"cast",3,8,"ferr","sw",1,25,25,41
"cast",3,9,"volc","sw",1,12,12,30
"cast",3,10,"ferr","it",1,17,17,28
"cast",3,11,"volc","sw",1,8,8,22
"cast",3,12,"volc","it",1,14,14,NA
"cast",3,13,"ferr","it",1,16,16,33
"cast",3,14,"volc","sw",1,10,10,23
"cast",3,15,"ferr","sw",1,5,5,26
"cast",3,16,"ferr","sw",1,5,5,20
"cast",3,17,"ferr","sw",1,9,9,34
"cast",3,18,"volc","sw",1,8,8,24
"cast",3,19,"volc","sw",1,12,12,21
"cast",3,20,"ferr","sw",1,9,9,29
"cast",3,21,"ferr","sw",1,9,9,31
"cast",3,22,"volc","sw",1,9,9,31
"cast",3,23,"ferr","it",1,17,17,39
"cast",3,24,"volc","sw",1,8,8,19
"cast",3,25,"ferr","it",1,14,14,38
"cast",3,26,"ferr","it",1,40,40,NA
"cast",3,27,"volc","it",1,11,11,48
"cast",3,28,"ferr","it",1,12,12,37
"cast",3,29,"ferr","sw",1,7,7,31
"cast",3,30,"ferr","sw",1,6,6,21
"cast",3,31,"volc","it",1,18,18,39
"cast",3,32,"volc","it",1,11,11,29
"cast",3,33,"ferr","it",1,15,15,NA
"cast",3,34,"ferr","it",1,27,27,42
"cast",3,35,"ferr","sw",1,5,5,27
"cast",3,36,"ferr","sw",1,13,13,34
"cast",3,37,"volc","it",1,14,14,NA
"cast",3,38,"volc","sw",1,5,5,29
"cast",3,39,"ferr","sw",1,2,2,NA
"cast",3,40,"volc","it",1,18,18,38
"cast",3,41,"ferr","it",1,17,17,29
"cast",3,42,"volc","sw",1,7,7,14
"cast",3,43,"ferr","sw",1,5,5,6
"cast",3,44,"ferr","it",1,12,12,36
"cast",3,45,"volc","sw",1,8,8,33
"cast",3,46,"volc","it",1,20,20,36
"cast",3,47,"volc","it",1,10,10,34
"cast",3,48,"ferr","it",1,9,9,26
"cast",3,49,"volc","it",1,29,29,48
"cast",3,50,"volc","sw",1,4,4,24
"cast",3,51,"ferr","it",1,16,16,39
"cast",3,52,"volc","it",1,13,13,40
"cast",3,53,"volc","it",1,11,11,35
"cast",3,54,"volc","it",1,8,8,NA
"cast",3,55,"volc","it",1,14,14,36
"cast",3,56,"ferr","it",1,15,15,29
"cast",3,57,"ferr","sw",1,5,5,15
"cast",3,58,"volc","sw",1,5,5,NA
"cast",3,59,"ferr","sw",1,8,8,28
"cast",3,60,"volc","sw",1,10,10,20
"cast",3,61,"ferr","it",1,17,17,NA
"cast",3,62,"ferr","sw",1,8,8,25
"cast",3,63,"ferr","it",1,22,22,45
"cast",3,64,"ferr","it",1,11,11,NA
"cast",3,65,"ferr","it",1,20,20,33
"cast",3,66,"ferr","it",1,10,10,NA
"cast",3,67,"volc","it",1,13,13,38
"cast",3,68,"volc","it",1,22,22,52
"cast",3,69,"volc","it",1,14,14,21
"cast",3,70,"volc","it",1,16,16,44
"cast",3,71,"ferr","sw",1,8,8,25
"cast",3,72,"ferr","it",1,19,19,34
"cast",3,73,"volc","sw",1,6,6,28
"cast",3,74,"ferr","sw",1,8,8,31
"cast",3,75,"ferr","sw",1,7,7,28
"cast",3,76,"ferr","sw",1,9,9,31
"cast",3,77,"volc","it",1,14,14,33
"cast",3,78,"ferr","it",1,17,17,31
"cast",3,79,"volc","sw",1,5,5,NA
"cast",3,80,"volc","sw",1,7,7,21
"cast",3,81,"volc","sw",1,5,5,16
"cast",3,82,"ferr","it",1,16,16,NA
"cast",3,83,"volc","sw",1,3,3,NA
"cast",3,84,"volc","sw",1,6,6,25
"cast",3,85,"volc","it",1,13,13,NA
"cast",3,86,"volc","it",1,13,13,36
"cast",3,87,"ferr","sw",1,5,5,26
"cast",3,88,"volc","sw",1,6,6,20
"cast",3,89,"volc","sw",1,6,6,22
"cast",3,90,"ferr","it",1,19,19,17
"cast",3,91,"volc","sw",1,6,6,20
"cast",3,92,"ferr","sw",0,NA,0,NA
"cast",3,93,"volc","sw",1,6,6,26
"cast",3,94,"volc","sw",0,NA,0,NA
"cast",3,95,"volc","it",0,NA,0,NA
"cast",3,96,"ferr","sw",0,NA,0,NA
"cast",3,97,"ferr","it",1,13,13,33
"cast",3,98,"volc","sw",1,5,5,17
"cast",3,99,"volc","it",1,21,21,42
"cast",3,100,"volc","sw",1,2,2,NA
"cast",3,101,"volc","it",1,15,15,27
"cast",3,102,"ferr","it",1,23,23,32
"cast",3,103,"ferr","it",1,13,13,34
"cast",3,104,"ferr","sw",1,6,6,24
"cast",3,105,"volc","sw",0,NA,0,NA
"cast",3,106,"ferr","sw",1,4,4,NA
"cast",3,107,"volc","sw",0,NA,0,NA
"cast",3,108,"volc","it",1,8,8,NA
"cast",3,109,"ferr","it",1,12,12,NA
"cast",3,110,"volc","sw",1,3,3,NA
"cast",3,111,"ferr","sw",0,NA,0,NA
"cast",3,112,"ferr","it",1,16,16,37
"cast",3,113,"ferr","it",1,10,10,27
"cast",3,114,"ferr","sw",1,2,2,20
"cast",3,115,"ferr","it",1,8,8,NA
"cast",3,116,"ferr","sw",1,8,8,21
"cast",3,117,"volc","it",1,19,19,38
"cast",3,118,"volc","it",1,7,7,NA
"cast",3,119,"ferr","it",1,29,29,NA
"cast",3,120,"volc","sw",0,NA,0,NA
"cast",3,121,"ferr","sw",0,NA,0,NA
"cast",3,122,"volc","it",1,13,13,31
"cast",3,123,"volc","sw",0,NA,0,NA
"cast",3,124,"volc","sw",NA,NA,NA,NA
"cast",3,125,"ferr","sw",1,6,6,NA
"cast",3,126,"volc","it",1,6,6,NA
"cast",3,127,"volc","it",1,24,24,40
"cast",3,128,"ferr","it",1,14,14,41
"cast",3,129,"ferr","it",1,14,14,31
"cast",3,130,"ferr","sw",1,6,6,19
"cast",3,131,"ferr","it",1,8,8,NA
"cast",3,132,"volc","it",1,9,9,NA
"cast",3,133,"volc","it",1,13,13,20
"cast",3,134,"volc","sw",0,NA,0,NA
"cast",3,135,"ferr","sw",1,3,3,NA
"cast",3,136,"volc","it",1,15,15,NA
"cast",3,137,"volc","sw",1,6,6,NA
"cast",3,138,"ferr","sw",1,6,6,NA
"cast",3,139,"ferr","it",1,20,20,40
"cast",3,140,"ferr","it",1,21,21,32
"cast",3,141,"ferr","sw",0,NA,0,NA
"cast",3,142,"ferr","it",1,14,14,33
"cast",3,143,"volc","it",1,17,17,32
"cast",3,144,"ferr","sw",1,1,1,NA
"cast",3,145,"ferr","it",1,13,13,NA
"cast",3,146,"volc","sw",0,NA,0,NA
"cast",3,147,"volc","it",1,15,15,NA
"cast",3,148,"volc","it",1,9,9,NA
"cast",3,149,"volc","it",1,16,16,23
"cast",3,150,"volc","sw",0,NA,0,NA
"cast",3,151,"volc","sw",0,NA,0,NA
"cast",3,152,"volc","sw",0,NA,0,NA
"cast",3,153,"volc","sw",0,NA,0,NA
"cast",3,154,"ferr","it",1,15,15,37
"cast",3,155,"volc","sw",0,NA,0,NA
"cast",3,156,"volc","sw",0,NA,0,NA
"cast",3,157,"ferr","it",1,7,7,NA
"cast",3,158,"volc","it",1,10,10,NA
"cast",3,159,"volc","it",1,22,22,38
"cast",3,160,"ferr","sw",0,NA,0,NA
"cast",3,161,"ferr","sw",0,NA,0,NA
"cast",3,162,"volc","sw",0,NA,0,NA
"cast",3,163,"ferr","it",1,15,15,NA
"cast",3,164,"ferr","sw",1,9,9,41
"cast",3,165,"ferr","sw",1,3,3,0
"cast",3,166,"volc","sw",0,NA,0,NA
"cast",3,167,"ferr","it",1,27,27,48
"cast",3,168,"volc","sw",0,NA,0,NA
"cast",3,169,"volc","it",1,17,17,39
"cast",3,170,"ferr","sw",0,NA,0,NA
"cast",3,171,"ferr","sw",1,11,11,25
"cast",3,172,"ferr","sw",1,8,8,NA
"cast",3,173,"ferr","sw",1,9,9,14
"cast",3,174,"ferr","sw",1,4,4,NA
"cast",3,175,"ferr","sw",1,7,7,23
"cast",3,176,"ferr","it",1,8,8,NA
"cast",3,177,"volc","it",1,18,18,35
"cast",3,178,"volc","it",1,22,22,33
"cast",3,179,"volc","sw",0,NA,0,NA
"cast",3,180,"volc","it",1,19,19,34
"cast",3,181,"ferr","it",1,1,1,NA
"cast",3,182,"ferr","it",1,30,30,26
"cast",3,183,"volc","sw",1,8,8,19
"cast",3,184,"volc","sw",1,2,2,NA
"cast",3,185,"ferr","it",1,23,23,19
"cast",3,186,"ferr","it",1,18,18,43
"cast",3,187,"ferr","sw",0,NA,0,NA
"cast",3,188,"volc","it",1,20,20,NA
"cast",3,189,"volc","sw",1,4,4,11
"cast",3,190,"volc","it",1,4,4,NA
"cast",3,191,"ferr","it",1,16,16,35
"cast",3,192,"ferr","sw",0,NA,0,NA
"cast",3,193,"volc","it",1,15,15,44
"cast",3,194,"ferr","sw",NA,NA,NA,NA
"cast",3,195,"volc","it",1,19,19,NA
"cast",3,196,"volc","it",1,16,16,NA
"cast",3,197,"volc","sw",0,NA,0,NA
"cast",3,198,"volc","sw",0,NA,0,NA
"cast",3,199,"volc","sw",1,3,3,NA
"cast",3,200,"ferr","sw",0,NA,0,NA
"cast",3,201,"ferr","sw",1,4,4,NA
"cast",3,202,"ferr","sw",1,4,4,18
"cast",3,203,"volc","it",1,25,25,55
"cast",3,204,"volc","sw",0,NA,0,NA
"cast",3,205,"ferr","sw",0,NA,0,NA
"cast",3,206,"ferr","sw",0,NA,0,NA
"cast",3,207,"volc","it",1,5,5,NA
"cast",3,208,"volc","sw",1,6,6,NA
"cast",3,209,"volc","sw",0,NA,0,NA
"cast",3,210,"volc","it",1,20,20,NA
"cast",3,211,"volc","sw",0,NA,0,NA
"cast",3,212,"ferr","it",1,26,26,42
"cast",3,213,"ferr","sw",1,2,2,NA
"cast",3,214,"ferr","it",1,9,9,NA
"cast",3,215,"ferr","sw",1,1,1,NA
"cast",3,216,"volc","it",1,6,6,0
"cast",3,217,"volc","it",0,NA,0,NA
"cast",3,218,"volc","it",1,9,9,NA
"cast",3,219,"ferr","sw",1,5,5,14
"cast",3,220,"ferr","sw",1,7,7,NA
"cast",3,221,"volc","sw",0,NA,0,NA
"cast",3,222,"ferr","it",1,11,11,16
"cast",3,223,"ferr","it",0,NA,0,NA
"cast",3,224,"ferr","it",1,3,3,NA
"cast",3,225,"ferr","sw",1,5,5,NA
"cast",3,226,"volc","sw",0,NA,0,NA
"cast",3,227,"volc","it",1,21,21,41
"cast",3,228,"volc","sw",0,NA,0,NA
"cast",3,229,"ferr","it",0,NA,0,NA
"cast",3,230,"volc","sw",0,NA,0,NA
"cast",3,231,"volc","it",1,5,5,29
"cast",3,232,"volc","it",1,14,14,NA
"cast",3,233,"ferr","it",1,6,6,NA
"cast",3,234,"volc","sw",1,6,6,11
"cast",3,235,"ferr","sw",1,3,3,12
"cast",3,236,"ferr","sw",0,NA,0,27
"cast",3,237,"ferr","it",1,12,12,39
"cast",3,238,"ferr","it",1,20,20,NA
"cast",3,239,"ferr","sw",0,NA,0,NA
"cast",3,240,"ferr","it",1,6,6,NA
"cast",3,241,"ferr","sw",0,NA,0,NA
"cast",3,242,"ferr","sw",0,NA,0,NA
"cast",3,243,"ferr","it",1,12,12,NA
"cast",3,244,"ferr","sw",1,3,3,NA
"cast",3,245,"volc","sw",1,5,5,NA
"cast",3,246,"volc","sw",1,8,8,14
"cast",3,247,"volc","it",1,21,21,33
"cast",3,248,"volc","it",1,15,15,27
"cast",3,249,"volc","it",1,8,8,NA
"cast",3,250,"volc","sw",0,NA,0,NA
"cast",3,251,"volc","it",1,6,6,NA
"cast",3,252,"volc","it",0,NA,0,NA
"cast",3,253,"volc","it",1,9,9,30
"cast",3,254,"volc","it",1,9,9,17
"cast",3,255,"ferr","it",1,14,14,46
"cast",3,256,"ferr","it",1,5,5,NA
"cast",3,257,"volc","sw",0,NA,0,NA
"cast",3,258,"ferr","it",1,12,12,26
"cast",3,259,"ferr","sw",1,2,2,NA
"cast",3,260,"volc","sw",1,8,8,NA
"cast",4,1,"ferr","sw",1,14,14,39
"cast",4,2,"ferr","sw",1,6,6,20
"cast",4,3,"ferr","sw",1,10,10,NA
"cast",4,4,"ferr","sw",1,10,10,32
"cast",4,5,"ferr","it",1,25,25,39
"cast",4,6,"volc","it",1,33,33,49
"cast",4,7,"volc","sw",1,7,7,37
"cast",4,8,"volc","it",1,40,40,47
"cast",4,9,"ferr","sw",1,4,4,23
"cast",4,10,"volc","it",1,26,26,46
"cast",4,11,"ferr","sw",1,7,7,35
"cast",4,12,"volc","it",1,35,35,36
"cast",4,13,"ferr","it",1,37,37,45
"cast",4,14,"ferr","sw",1,7,7,2
"cast",4,15,"ferr","it",1,9,9,29
"cast",4,16,"volc","sw",1,9,9,NA
"cast",4,17,"volc","it",1,19,19,36
"cast",4,18,"volc","sw",1,9,9,27
"cast",4,19,"volc","it",1,12,12,NA
"cast",4,20,"volc","it",1,20,20,38
"cast",4,21,"ferr","sw",1,5,5,NA
"cast",4,22,"volc","it",1,124,124,54
"cast",4,23,"volc","it",1,37,37,52
"cast",4,24,"ferr","sw",1,2,2,19
"cast",4,25,"ferr","it",1,34,34,51
"cast",4,26,"volc","it",1,25,25,46
"cast",4,27,"ferr","it",1,18,18,37
"cast",4,28,"volc","sw",1,4,4,NA
"cast",4,29,"volc","it",1,16,16,30
"cast",4,30,"ferr","it",1,16,16,27
"cast",4,31,"ferr","sw",1,6,6,30
"cast",4,32,"volc","sw",1,5,5,NA
"cast",4,33,"volc","it",1,22,22,39
"cast",4,34,"volc","sw",1,5,5,NA
"cast",4,35,"ferr","sw",1,6,6,28
"cast",4,36,"volc","sw",1,7,7,41
"cast",4,37,"ferr","it",1,16,16,NA
"cast",4,38,"ferr","it",1,53,53,53
"cast",4,39,"volc","sw",1,9,9,NA
"cast",4,40,"volc","it",1,25,25,37
"cast",4,41,"ferr","sw",1,5,5,25
"cast",4,42,"ferr","sw",1,7,7,25
"cast",4,43,"volc","sw",1,5,5,26
"cast",4,44,"ferr","sw",1,6,6,27
"cast",4,45,"ferr","it",1,12,12,27
"cast",4,46,"ferr","it",1,44,44,48
"cast",4,47,"volc","sw",1,7,7,22
"cast",4,48,"volc","sw",1,3,3,21
"cast",4,49,"ferr","sw",1,7,7,NA
"cast",4,50,"volc","it",1,35,35,55
"cast",4,51,"volc","it",1,52,52,51
"cast",4,52,"ferr","it",1,141,141,51
"cast",4,53,"ferr","sw",1,6,6,16
"cast",4,54,"volc","it",1,30,30,39
"cast",4,55,"ferr","sw",1,8,8,29
"cast",4,56,"volc","it",1,33,33,50
"cast",4,57,"volc","sw",1,4,4,NA
"cast",4,58,"volc","it",1,38,38,52
"cast",4,59,"volc","it",1,32,32,41
"cast",4,60,"volc","it",1,12,12,NA
"cast",4,61,"ferr","it",1,6,6,NA
"cast",4,62,"ferr","it",1,20,20,40
"cast",4,63,"ferr","it",1,27,27,26
"cast",4,64,"ferr","sw",1,8,8,23
"cast",4,65,"ferr","sw",1,6,6,32
"cast",4,66,"ferr","sw",1,5,5,20
"cast",4,67,"ferr","sw",1,14,14,33
"cast",4,68,"volc","sw",1,4,4,NA
"cast",4,69,"volc","sw",1,5,5,26
"cast",4,70,"ferr","sw",1,1,1,NA
"cast",4,71,"volc","it",1,11,11,41
"cast",4,72,"volc","it",1,20,20,40
"cast",4,73,"ferr","it",1,10,10,32
"cast",4,74,"ferr","sw",0,NA,0,NA
"cast",4,75,"volc","it",1,18,18,NA
"cast",4,76,"volc","sw",1,7,7,NA
"cast",4,77,"volc","it",1,85,85,54
"cast",4,78,"ferr","it",1,43,43,NA
"cast",4,79,"volc","sw",1,6,6,25
"cast",4,80,"ferr","sw",1,3,3,17
"cast",4,81,"ferr","it",1,4,4,NA
"cast",4,82,"ferr","sw",1,6,6,NA
"cast",4,83,"volc","it",0,NA,0,NA
"cast",4,84,"ferr","sw",1,12,12,33
"cast",4,85,"volc","it",1,8,8,NA
"cast",4,86,"ferr","it",1,23,23,48
"cast",4,87,"volc","sw",1,3,3,NA
"cast",4,88,"ferr","it",1,16,16,NA
"cast",4,89,"volc","it",1,8,8,NA
"cast",4,90,"volc","sw",1,4,4,17
"cast",4,91,"volc","it",1,12,12,34
"cast",4,92,"volc","it",1,23,23,43
"cast",4,93,"volc","it",1,30,30,47
"cast",4,94,"volc","it",1,24,24,43
"cast",4,95,"volc","it",1,17,17,37
"cast",4,96,"volc","sw",0,NA,0,NA
"cast",4,97,"ferr","sw",1,2,2,NA
"cast",4,98,"ferr","it",1,5,5,NA
"cast",4,99,"ferr","sw",0,NA,0,NA
"cast",4,100,"volc","it",1,5,5,NA
"cast",4,101,"ferr","sw",1,4,4,NA
"cast",4,102,"ferr","sw",1,1,1,NA
"cast",4,103,"volc","it",1,22,22,44
"cast",4,104,"ferr","it",1,113,113,54
"cast",4,105,"volc","sw",1,11,11,29
"cast",4,106,"ferr","sw",1,3,3,NA
"cast",4,107,"volc","sw",1,2,2,NA
"cast",4,108,"ferr","it",1,11,11,NA
"cast",4,109,"volc","sw",0,NA,0,NA
"cast",4,110,"volc","sw",0,NA,0,NA
"cast",4,111,"ferr","it",1,11,11,29
"cast",4,112,"ferr","sw",0,NA,0,NA
"cast",4,113,"volc","sw",1,5,5,22
"cast",4,114,"volc","sw",0,NA,0,NA
"cast",4,115,"volc","sw",1,3,3,NA
"cast",4,116,"ferr","it",1,15,15,36
"cast",4,117,"ferr","sw",0,NA,0,NA
"cast",4,118,"volc","sw",1,4,4,NA
"cast",4,119,"ferr","sw",1,5,5,NA
"cast",4,120,"ferr","it",1,8,8,NA
"cast",4,121,"volc","sw",0,NA,0,NA
"cast",4,122,"volc","it",1,16,16,32
"cast",4,123,"volc","sw",1,7,7,NA
"cast",4,124,"volc","sw",0,NA,0,NA
"cast",4,125,"volc","sw",0,NA,0,NA
"cast",4,126,"ferr","it",1,19,19,NA
"cast",4,127,"volc","sw",0,NA,0,NA
"cast",4,128,"ferr","it",1,24,24,34
"cast",4,129,"volc","sw",1,6,6,20
"cast",4,130,"ferr","sw",1,3,3,3
"cast",4,131,"volc","sw",0,NA,0,NA
"cast",4,132,"ferr","sw",0,NA,0,NA
"cast",4,133,"ferr","it",1,4,4,NA
"cast",4,134,"volc","it",1,31,31,48
"cast",4,135,"volc","sw",0,NA,0,NA
"cast",4,136,"volc","sw",1,2,2,NA
"cast",4,137,"volc","sw",1,2,2,NA
"cast",4,138,"volc","it",1,23,23,32
"cast",4,139,"volc","sw",0,NA,0,NA
"cast",4,140,"ferr","sw",0,NA,0,NA
"cast",4,141,"ferr","sw",0,NA,0,NA
"cast",4,142,"volc","sw",1,4,4,31
"cast",4,143,"volc","it",1,18,18,45
"cast",4,144,"volc","it",1,6,6,NA
"cast",4,145,"ferr","it",1,2,2,NA
"cast",4,146,"volc","sw",0,NA,0,NA
"cast",4,147,"ferr","sw",0,NA,0,NA
"cast",4,148,"ferr","sw",1,2,2,NA
"cast",4,149,"volc","sw",1,3,3,NA
"cast",4,150,"volc","sw",1,4,4,NA
"cast",4,151,"ferr","sw",1,5,5,12
"cast",4,152,"volc","sw",0,NA,0,NA
"cast",4,153,"volc","it",1,29,29,49
"cast",4,154,"ferr","sw",0,NA,0,NA
"cast",4,155,"volc","sw",0,NA,0,NA
"cast",4,156,"ferr","sw",1,4,4,17
"cast",4,157,"volc","it",1,11,11,NA
"cast",4,158,"ferr","sw",0,NA,0,NA
"cast",4,159,"volc","sw",0,NA,0,NA
"cast",4,160,"ferr","sw",1,9,9,18
"cast",4,161,"ferr","sw",0,NA,0,NA
"cast",4,162,"ferr","it",1,4,4,NA
"cast",4,163,"ferr","it",1,39,39,53
"cast",4,164,"ferr","sw",0,NA,0,NA
"cast",4,165,"ferr","sw",1,3,3,NA
"cast",4,166,"volc","it",1,21,21,44
"cast",4,167,"volc","sw",0,NA,0,NA
"cast",4,168,"volc","sw",1,2,2,22
"cast",4,169,"ferr","it",1,11,11,NA
"cast",4,170,"ferr","sw",0,NA,0,NA
"cast",4,171,"ferr","sw",0,NA,0,NA
"cast",4,172,"volc","it",1,NA,NA,NA
"cast",4,173,"ferr","sw",0,NA,0,NA
"cast",4,174,"ferr","sw",0,NA,0,NA
"cast",4,175,"ferr","it",1,NA,NA,NA
"cast",4,176,"volc","it",1,14,14,30
"cast",4,177,"ferr","it",1,35,35,53
"cast",4,178,"volc","it",1,3,3,NA
"cast",4,179,"ferr","it",1,14,14,38
"cast",4,180,"ferr","it",1,23,23,49
"cast",4,181,"ferr","it",1,14,14,NA
"cast",4,182,"volc","sw",1,2,2,NA
"cast",4,183,"ferr","it",0,NA,0,NA
"cast",4,184,"volc","sw",1,NA,NA,NA
"cast",4,185,"volc","sw",1,9,9,NA
"cast",4,186,"volc","sw",0,NA,0,NA
"cast",4,187,"ferr","it",1,10,10,NA
"cast",4,188,"volc","sw",0,NA,0,NA
"cast",4,189,"ferr","it",1,23,23,34
"cast",4,190,"ferr","sw",1,3,3,NA
"cast",4,191,"volc","sw",0,11,0,NA
"cast",4,192,"volc","it",1,65,65,57
"cast",4,193,"volc","it",1,12,12,33
"cast",4,194,"volc","it",1,5,5,NA
"cast",4,195,"volc","sw",1,4,4,20
"cast",4,196,"volc","it",1,NA,NA,NA
"cast",4,197,"ferr","it",1,6,6,NA
"cast",4,198,"volc","sw",0,NA,0,NA
"cast",4,199,"ferr","it",1,12,12,NA
"cast",4,200,"volc","it",1,17,17,NA
"cast",4,201,"ferr","sw",0,NA,0,NA
"cast",4,202,"ferr","it",0,NA,0,NA
"cast",4,203,"volc","it",1,30,30,23
"cast",4,204,"ferr","it",1,20,20,40
"cast",4,205,"ferr","sw",0,NA,0,NA
"cast",4,206,"volc","sw",0,NA,0,NA
"cast",4,207,"volc","it",NA,NA,NA,NA
"cast",4,208,"volc","sw",0,NA,0,NA
"cast",4,209,"ferr","sw",0,NA,0,NA
"cast",4,210,"volc","it",1,9,9,26
"cast",4,211,"ferr","sw",1,7,7,24
"cast",4,212,"volc","it",1,12,12,NA
"cast",4,213,"volc","it",1,17,17,32
"cast",4,214,"ferr","it",1,16,16,NA
"cast",4,215,"volc","it",1,48,48,54
"cast",4,216,"volc","it",1,20,20,NA
"cast",4,217,"volc","sw",0,NA,0,NA
"cast",4,218,"ferr","it",1,15,15,NA
"cast",4,219,"ferr","it",1,NA,NA,NA
"cast",4,220,"volc","sw",1,NA,NA,NA
"cast",4,221,"ferr","it",1,30,30,54
"cast",4,222,"ferr","it",1,3,3,NA
"cast",4,223,"ferr","it",0,NA,0,NA
"cast",4,224,"ferr","sw",0,NA,0,NA
"cast",4,225,"volc","it",0,NA,0,NA
"cast",4,226,"ferr","sw",0,NA,0,NA
"cast",4,227,"ferr","it",1,5,5,NA
"cast",4,228,"ferr","it",1,11,11,NA
"cast",4,229,"ferr","it",1,7,7,NA
"cast",4,230,"volc","it",1,69,69,47
"cast",4,231,"ferr","it",1,32,32,49
"cast",4,232,"volc","sw",1,5,5,28
"cast",4,233,"ferr","sw",1,3,3,NA
"cast",4,234,"volc","it",1,28,28,41
"cast",4,235,"volc","it",1,13,13,34
"cast",4,236,"ferr","it",0,NA,0,NA
"cast",4,237,"ferr","it",0,NA,0,NA
"cast",4,238,"ferr","sw",0,NA,0,NA
"cast",4,239,"volc","sw",0,NA,0,NA
"cast",4,240,"volc","sw",1,1,1,NA
"cast",4,241,"ferr","it",1,14,14,NA
"cast",4,242,"volc","sw",0,NA,0,NA
"cast",4,243,"volc","sw",1,7,7,25
"cast",4,244,"volc","it",1,11,11,29
"cast",4,245,"volc","sw",1,2,2,NA
"cast",4,246,"ferr","it",1,24,24,30
"cast",4,247,"ferr","it",1,11,11,NA
"cast",4,248,"ferr","sw",0,NA,0,NA
"cast",4,249,"ferr","it",1,14,14,NA
"cast",4,250,"ferr","it",1,18,18,42
"cast",4,251,"ferr","sw",0,NA,0,NA
"cast",4,252,"volc","sw",0,NA,0,NA
"cast",4,253,"volc","it",0,NA,0,NA
"cast",4,254,"ferr","it",1,NA,NA,20
"cast",4,255,"ferr","sw",1,3,3,12
"cast",4,256,"volc","it",NA,NA,NA,NA
"cast",4,257,"ferr","it",1,14,14,NA
"cast",4,258,"ferr","sw",0,NA,0,NA
"cast",4,259,"ferr","sw",1,3,3,21
"cast",4,260,"ferr","it",1,17,17,NA
"roda",1,1,"volc","sw",1,11,11,35
"roda",1,2,"ferr","it",1,11,11,NA
"roda",1,3,"volc","it",1,11,11,24
"roda",1,4,"ferr","it",1,8,8,12
"roda",1,5,"ferr","sw",1,6,6,20
"roda",1,6,"volc","it",1,7,7,17
"roda",1,7,"ferr","sw",1,10,10,23
"roda",1,8,"volc","it",0,NA,0,NA
"roda",1,9,"ferr","it",1,13,13,15
"roda",1,10,"volc","sw",1,5,5,20
"roda",1,11,"volc","sw",1,2,2,NA
"roda",1,12,"volc","sw",1,3,3,NA
"roda",1,13,"ferr","sw",1,3,3,NA
"roda",1,14,"ferr","sw",1,2,2,11
"roda",1,15,"ferr","sw",1,6,6,20
"roda",1,16,"ferr","sw",1,8,8,23
"roda",1,17,"ferr","it",1,3,3,15
"roda",1,18,"volc","it",0,NA,0,NA
"roda",1,19,"ferr","sw",1,10,10,18
"roda",1,20,"volc","sw",1,8,8,18
"roda",1,21,"volc","it",1,1,1,9
"roda",1,22,"volc","sw",1,6,6,24
"roda",1,23,"volc","it",0,NA,0,NA
"roda",1,24,"volc","it",1,13,13,25
"roda",1,25,"volc","it",1,8,8,22
"roda",1,26,"volc","it",1,2,2,14
"roda",1,27,"volc","sw",1,13,13,25
"roda",1,28,"ferr","sw",0,NA,0,14
"roda",1,29,"volc","sw",1,8,8,NA
"roda",1,30,"volc","sw",1,2,2,11
"roda",1,31,"ferr","it",0,NA,0,NA
"roda",1,32,"volc","it",1,9,9,12
"roda",1,33,"volc","it",0,NA,0,NA
"roda",1,34,"volc","sw",1,7,7,21
"roda",1,35,"volc","sw",1,6,6,20
"roda",1,36,"volc","sw",1,6,6,22
"roda",1,37,"ferr","it",1,6,6,19
"roda",1,38,"ferr","sw",1,4,4,13
"roda",1,39,"volc","sw",1,4,4,5
"roda",1,40,"ferr","it",0,NA,0,NA
"roda",1,41,"ferr","sw",1,4,4,9
"roda",1,42,"ferr","sw",1,8,8,NA
"roda",1,43,"ferr","it",0,NA,0,NA
"roda",1,44,"volc","sw",1,6,6,15
"roda",1,45,"volc","it",1,7,7,10
"roda",1,46,"volc","it",1,4,4,15
"roda",1,47,"ferr","sw",0,NA,0,NA
"roda",1,48,"ferr","sw",1,8,8,20
"roda",1,49,"volc","it",1,5,5,21
"roda",1,50,"ferr","sw",1,11,11,15
"roda",1,51,"volc","sw",1,3,3,11
"roda",1,52,"ferr","it",1,3,3,24
"roda",1,53,"volc","it",0,NA,0,NA
"roda",1,54,"volc","sw",1,5,5,15
"roda",1,55,"ferr","it",0,NA,0,NA
"roda",1,56,"ferr","it",1,6,6,15
"roda",1,57,"ferr","it",1,7,7,27
"roda",1,58,"ferr","it",1,4,4,11
"roda",1,59,"volc","it",1,5,5,14
"roda",1,60,"volc","it",0,NA,0,NA
"roda",1,61,"ferr","sw",1,5,5,13
"roda",1,62,"ferr","it",0,NA,0,NA
"roda",1,63,"volc","sw",1,5,5,18
"roda",1,64,"ferr","it",0,NA,0,NA
"roda",1,65,"ferr","it",1,6,6,19
"roda",1,66,"ferr","it",0,NA,0,NA
"roda",1,67,"ferr","it",0,NA,0,NA
"roda",1,68,"ferr","sw",1,7,7,19
"roda",1,69,"ferr","it",0,NA,0,NA
"roda",1,70,"volc","it",0,NA,0,NA
"roda",1,71,"volc","sw",1,8,8,21
"roda",1,72,"ferr","sw",1,7,7,24
"roda",1,73,"ferr","it",0,NA,0,NA
"roda",1,74,"ferr","it",0,NA,0,NA
"roda",1,75,"volc","sw",1,4,4,16
"roda",1,76,"ferr","it",0,NA,0,NA
"roda",1,77,"volc","sw",1,7,7,13
"roda",1,78,"volc","sw",1,9,9,21
"roda",1,79,"volc","sw",1,5,5,16
"roda",1,80,"ferr","it",0,NA,0,NA
"roda",1,81,"ferr","sw",1,7,7,16
"roda",1,82,"ferr","it",1,3,3,21
"roda",1,83,"ferr","sw",1,9,9,22
"roda",1,84,"ferr","sw",1,4,4,21
"roda",1,85,"volc","it",1,3,3,16
"roda",1,86,"ferr","sw",1,5,5,21
"roda",1,87,"ferr","sw",1,12,12,25
"roda",1,88,"volc","sw",1,8,8,26
"roda",1,89,"volc","it",1,7,7,26
"roda",1,90,"ferr","it",1,9,9,22
"roda",1,91,"ferr","it",1,8,8,33
"roda",1,92,"ferr","it",0,NA,0,NA
"roda",1,93,"volc","it",0,NA,0,NA
"roda",1,94,"ferr","it",1,5,5,15
"roda",1,95,"ferr","sw",1,9,9,27
"roda",1,96,"volc","sw",1,10,10,23
"roda",1,97,"ferr","it",1,2,2,11
"roda",1,98,"ferr","it",0,NA,0,NA
"roda",1,99,"ferr","it",0,NA,0,NA
"roda",1,100,"volc","sw",1,9,9,21
"roda",1,101,"ferr","sw",1,12,12,26
"roda",1,102,"volc","it",0,NA,0,NA
"roda",1,103,"volc","it",0,NA,0,NA
"roda",1,104,"volc","it",1,2,2,19
"roda",1,105,"ferr","it",1,5,5,11
"roda",1,106,"volc","it",0,NA,0,27
"roda",1,107,"volc","sw",1,9,9,30
"roda",1,108,"ferr","it",0,NA,0,NA
"roda",1,109,"ferr","it",0,NA,0,NA
"roda",1,110,"volc","it",0,NA,0,NA
"roda",1,111,"volc","sw",1,9,9,NA
"roda",1,112,"volc","it",0,NA,0,NA
"roda",1,113,"volc","it",1,7,7,21
"roda",1,114,"ferr","it",1,2,2,17
"roda",1,115,"volc","sw",1,14,14,29
"roda",1,116,"volc","sw",1,10,10,23
"roda",1,117,"volc","it",1,7,7,18
"roda",1,118,"volc","it",0,NA,0,NA
"roda",1,119,"ferr","sw",1,11,11,29
"roda",1,120,"volc","it",0,NA,0,NA
"roda",1,121,"volc","it",0,NA,0,NA
"roda",1,122,"ferr","it",0,NA,0,NA
"roda",1,123,"ferr","sw",1,9,9,21
"roda",1,124,"ferr","it",1,6,6,21
"roda",1,125,"volc","sw",1,11,11,35
"roda",1,126,"ferr","it",0,NA,0,NA
"roda",1,127,"volc","sw",1,9,9,33
"roda",1,128,"volc","sw",1,7,7,NA
"roda",1,129,"volc","it",0,NA,0,NA
"roda",1,130,"ferr","sw",1,12,12,26
"roda",1,131,"ferr","it",0,NA,0,NA
"roda",1,132,"volc","it",0,NA,0,NA
"roda",1,133,"ferr","sw",1,7,7,25
"roda",1,134,"ferr","it",0,NA,0,NA
"roda",1,135,"ferr","sw",1,7,7,22
"roda",1,136,"volc","it",0,NA,0,NA
"roda",1,137,"volc","it",1,4,4,20
"roda",1,138,"volc","it",0,NA,0,NA
"roda",1,139,"volc","sw",1,9,9,28
"roda",1,140,"ferr","it",0,NA,0,NA
"roda",1,141,"ferr","sw",1,8,8,23
"roda",1,142,"ferr","sw",1,8,8,27
"roda",1,143,"ferr","sw",1,11,11,20
"roda",1,144,"ferr","it",0,NA,0,NA
"roda",1,145,"ferr","sw",1,5,5,17
"roda",1,146,"ferr","sw",1,4,4,16
"roda",1,147,"volc","sw",1,7,7,21
"roda",1,148,"ferr","sw",1,4,4,NA
"roda",1,149,"volc","sw",1,13,13,32
"roda",1,150,"ferr","sw",1,14,14,34
"roda",1,151,"ferr","it",0,NA,0,NA
"roda",1,152,"volc","it",0,NA,0,NA
"roda",1,153,"ferr","it",0,NA,0,NA
"roda",1,154,"ferr","it",1,5,5,18
"roda",1,155,"ferr","sw",1,6,6,16
"roda",1,156,"volc","it",0,NA,0,NA
"roda",1,157,"ferr","it",0,NA,0,NA
"roda",1,158,"ferr","it",0,NA,0,NA
"roda",1,159,"ferr","sw",1,7,7,27
"roda",1,160,"volc","it",0,NA,0,NA
"roda",1,161,"ferr","sw",1,6,6,26
"roda",1,162,"volc","sw",1,9,9,24
"roda",1,163,"volc","sw",1,6,6,22
"roda",1,164,"volc","it",0,NA,0,NA
"roda",1,165,"ferr","sw",1,9,9,24
"roda",1,166,"ferr","sw",1,10,10,33
"roda",1,167,"volc","it",0,NA,0,NA
"roda",1,168,"ferr","sw",1,17,17,39
"roda",1,169,"volc","it",0,NA,0,NA
"roda",1,170,"volc","it",0,NA,0,NA
"roda",1,171,"volc","sw",1,11,11,29
"roda",1,172,"volc","it",0,NA,0,NA
"roda",1,173,"volc","it",0,NA,0,NA
"roda",1,174,"ferr","sw",1,6,6,20
"roda",1,175,"volc","sw",1,10,10,26
"roda",1,176,"volc","it",0,NA,0,NA
"roda",1,177,"ferr","it",0,NA,0,NA
"roda",1,178,"ferr","it",1,5,5,19
"roda",1,179,"volc","it",0,NA,0,NA
"roda",1,180,"volc","sw",1,12,12,33
"roda",1,181,"volc","it",0,NA,0,NA
"roda",1,182,"ferr","sw",1,15,15,34
"roda",1,183,"volc","sw",1,41,41,45
"roda",1,184,"volc","it",0,NA,0,NA
"roda",1,185,"volc","sw",1,9,9,22
"roda",1,186,"ferr","sw",0,NA,0,NA
"roda",1,187,"volc","sw",1,9,9,21
"roda",1,188,"volc","it",0,NA,0,NA
"roda",1,189,"volc","it",0,NA,0,NA
"roda",1,190,"ferr","sw",1,11,11,24
"roda",1,191,"ferr","sw",1,9,9,24
"roda",1,192,"volc","sw",1,9,9,33
"roda",1,193,"ferr","sw",1,6,6,19
"roda",1,194,"volc","it",0,NA,0,NA
"roda",1,195,"ferr","sw",1,8,8,24
"roda",1,196,"ferr","sw",1,15,15,30
"roda",1,197,"volc","sw",1,9,9,32
"roda",1,198,"ferr","it",0,NA,0,NA
"roda",1,199,"volc","it",0,NA,0,NA
"roda",1,200,"volc","sw",1,7,7,19
"roda",1,201,"ferr","sw",1,6,6,17
"roda",1,202,"ferr","it",0,NA,0,NA
"roda",1,203,"ferr","sw",1,12,12,28
"roda",1,204,"ferr","it",0,NA,0,NA
"roda",1,205,"ferr","sw",1,9,9,25
"roda",1,206,"volc","sw",1,14,14,35
"roda",1,207,"volc","it",0,NA,0,NA
"roda",1,208,"volc","sw",1,5,5,15
"roda",1,209,"ferr","it",0,NA,0,NA
"roda",1,210,"volc","sw",0,NA,0,NA
"roda",1,211,"volc","sw",1,6,6,26
"roda",1,212,"ferr","it",0,NA,0,NA
"roda",1,213,"ferr","sw",1,10,10,22
"roda",1,214,"volc","sw",1,6,6,20
"roda",1,215,"ferr","it",0,NA,0,NA
"roda",1,216,"volc","it",0,NA,0,NA
"roda",1,217,"volc","sw",1,8,8,23
"roda",1,218,"ferr","it",0,NA,0,NA
"roda",1,219,"volc","it",0,NA,0,NA
"roda",1,220,"ferr","it",0,NA,0,NA
"roda",1,221,"volc","sw",1,11,11,30
"roda",1,222,"ferr","it",0,NA,0,NA
"roda",1,223,"ferr","sw",0,NA,0,NA
"roda",1,224,"volc","sw",1,9,9,29
"roda",1,225,"ferr","it",0,NA,0,NA
"roda",1,226,"volc","it",0,NA,0,NA
"roda",1,227,"ferr","sw",1,8,8,23
"roda",1,228,"volc","sw",1,11,11,30
"roda",1,229,"ferr","it",0,NA,0,NA
"roda",1,230,"ferr","sw",1,6,6,20
"roda",1,231,"volc","it",0,NA,0,NA
"roda",1,232,"volc","it",0,NA,0,NA
"roda",1,233,"volc","it",0,NA,0,NA
"roda",1,234,"volc","it",0,NA,0,NA
"roda",1,235,"ferr","sw",0,NA,0,NA
"roda",1,236,"ferr","it",0,NA,0,NA
"roda",1,237,"volc","it",0,NA,0,NA
"roda",1,238,"volc","sw",1,13,13,33
"roda",1,239,"volc","it",0,NA,0,NA
"roda",1,240,"volc","sw",1,2,2,13
"roda",1,241,"volc","sw",1,7,7,24
"roda",1,242,"volc","sw",1,8,8,28
"roda",1,243,"ferr","it",0,NA,0,NA
"roda",1,244,"ferr","sw",0,NA,0,NA
"roda",1,245,"volc","sw",1,5,5,22
"roda",1,246,"volc","sw",1,8,8,26
"roda",1,247,"volc","it",0,NA,0,NA
"roda",1,248,"ferr","it",0,NA,0,NA
"roda",1,249,"ferr","it",0,NA,0,NA
"roda",1,250,"volc","sw",1,15,15,37
"roda",1,251,"volc","sw",1,7,7,25
"roda",1,252,"ferr","sw",1,6,6,20
"roda",1,253,"volc","sw",1,6,6,23
"roda",1,254,"ferr","sw",1,11,11,34
"roda",1,255,"volc","it",0,NA,0,NA
"roda",1,256,"ferr","it",0,NA,0,NA
"roda",1,257,"ferr","sw",1,11,11,30
"roda",1,258,"ferr","it",0,NA,0,NA
"roda",1,259,"ferr","sw",1,2,2,10
"roda",1,260,"ferr","sw",1,17,17,35
"roda",2,1,"volc","sw",0,NA,0,NA
"roda",2,2,"volc","it",1,16,16,28
"roda",2,3,"volc","sw",0,NA,0,NA
"roda",2,4,"ferr","it",1,2,2,NA
"roda",2,5,"ferr","sw",1,4,4,17
"roda",2,6,"volc","it",0,NA,0,NA
"roda",2,7,"ferr","it",0,NA,0,NA
"roda",2,8,"ferr","it",0,NA,0,NA
"roda",2,9,"volc","sw",0,NA,0,NA
"roda",2,10,"volc","it",1,14,14,14
"roda",2,11,"ferr","sw",0,NA,0,NA
"roda",2,12,"volc","sw",0,NA,0,NA
"roda",2,13,"ferr","it",0,NA,0,NA
"roda",2,14,"volc","sw",1,14,14,24
"roda",2,15,"ferr","sw",0,NA,0,NA
"roda",2,16,"volc","it",0,NA,0,NA
"roda",2,17,"volc","sw",0,NA,0,NA
"roda",2,18,"ferr","sw",1,6,6,NA
"roda",2,19,"volc","sw",1,2,2,0
"roda",2,20,"volc","it",1,1,1,19
"roda",2,21,"volc","sw",0,NA,0,NA
"roda",2,22,"volc","it",0,NA,0,NA
"roda",2,23,"volc","it",0,NA,0,NA
"roda",2,24,"volc","sw",0,NA,0,NA
"roda",2,25,"volc","sw",0,NA,0,NA
"roda",2,26,"ferr","sw",1,4,4,NA
"roda",2,27,"ferr","it",1,11,11,23
"roda",2,28,"volc","it",1,7,7,18
"roda",2,29,"ferr","sw",0,NA,0,NA
"roda",2,30,"volc","it",0,NA,0,NA
"roda",2,31,"volc","it",0,NA,0,NA
"roda",2,32,"volc","it",1,4,4,14
"roda",2,33,"ferr","it",1,9,9,22
"roda",2,34,"ferr","it",0,NA,0,NA
"roda",2,35,"volc","sw",0,NA,0,NA
"roda",2,36,"volc","it",0,NA,0,NA
"roda",2,37,"volc","sw",1,5,5,19
"roda",2,38,"ferr","it",1,6,6,NA
"roda",2,39,"volc","sw",0,NA,0,NA
"roda",2,40,"volc","sw",1,3,3,7
"roda",2,41,"ferr","sw",1,8,8,16
"roda",2,42,"volc","it",1,11,11,20
"roda",2,43,"ferr","sw",0,NA,0,NA
"roda",2,44,"volc","it",1,2,2,NA
"roda",2,45,"volc","it",0,NA,0,NA
"roda",2,46,"volc","it",1,3,3,15
"roda",2,47,"volc","it",0,NA,0,NA
"roda",2,48,"volc","sw",1,NA,NA,18
"roda",2,49,"volc","it",0,NA,0,NA
"roda",2,50,"volc","sw",1,8,8,21
"roda",2,51,"ferr","sw",1,7,7,18
"roda",2,52,"ferr","sw",0,NA,0,NA
"roda",2,53,"volc","sw",1,8,8,24
"roda",2,54,"ferr","sw",1,2,2,5
"roda",2,55,"ferr","sw",1,2,2,16
"roda",2,56,"volc","it",1,9,9,20
"roda",2,57,"volc","it",1,8,8,24
"roda",2,58,"volc","sw",1,11,11,23
"roda",2,59,"volc","it",0,NA,0,NA
"roda",2,60,"volc","it",1,6,6,15
"roda",2,61,"ferr","sw",1,8,8,21
"roda",2,62,"volc","sw",0,NA,0,NA
"roda",2,63,"ferr","sw",1,9,9,NA
"roda",2,64,"volc","sw",0,NA,0,NA
"roda",2,65,"volc","it",1,6,6,NA
"roda",2,66,"volc","it",0,NA,0,NA
"roda",2,67,"volc","sw",1,10,10,23
"roda",2,68,"ferr","it",0,NA,0,NA
"roda",2,69,"ferr","it",1,2,2,5
"roda",2,70,"ferr","it",1,2,2,0
"roda",2,71,"volc","sw",1,4,4,16
"roda",2,72,"volc","sw",1,4,4,20
"roda",2,73,"ferr","it",0,NA,0,NA
"roda",2,74,"ferr","it",1,4,4,19
"roda",2,75,"volc","it",1,7,7,25
"roda",2,76,"volc","it",0,NA,0,NA
"roda",2,77,"volc","it",0,NA,0,NA
"roda",2,78,"ferr","sw",0,NA,0,NA
"roda",2,79,"ferr","it",0,NA,0,NA
"roda",2,80,"volc","it",0,NA,0,NA
"roda",2,81,"ferr","sw",1,5,5,NA
"roda",2,82,"ferr","sw",1,8,8,24
"roda",2,83,"ferr","it",1,2,2,14
"roda",2,84,"ferr","sw",1,3,3,7
"roda",2,85,"ferr","sw",1,7,7,18
"roda",2,86,"ferr","it",1,4,4,28
"roda",2,87,"volc","it",0,NA,0,NA
"roda",2,88,"ferr","it",1,2,2,7
"roda",2,89,"volc","it",0,NA,0,NA
"roda",2,90,"volc","sw",1,5,5,17
"roda",2,91,"volc","it",0,NA,0,26
"roda",2,92,"volc","sw",1,14,14,NA
"roda",2,93,"ferr","it",0,NA,0,NA
"roda",2,94,"ferr","sw",1,6,6,18
"roda",2,95,"ferr","it",1,7,7,21
"roda",2,96,"ferr","sw",1,7,7,22
"roda",2,97,"volc","it",0,NA,0,NA
"roda",2,98,"ferr","it",1,8,8,23
"roda",2,99,"ferr","it",1,10,10,24
"roda",2,100,"volc","sw",1,9,9,20
"roda",2,101,"ferr","sw",1,12,12,30
"roda",2,102,"ferr","sw",1,5,5,NA
"roda",2,103,"ferr","sw",1,9,9,21
"roda",2,104,"volc","it",0,NA,0,NA
"roda",2,105,"ferr","sw",1,11,11,16
"roda",2,106,"ferr","it",1,11,11,23
"roda",2,107,"volc","it",1,2,2,17
"roda",2,108,"ferr","sw",1,2,2,NA
"roda",2,109,"ferr","it",0,NA,0,NA
"roda",2,110,"volc","sw",1,4,4,15
"roda",2,111,"volc","it",0,NA,0,NA
"roda",2,112,"volc","it",0,NA,0,NA
"roda",2,113,"ferr","it",0,NA,0,NA
"roda",2,114,"volc","it",0,NA,0,NA
"roda",2,115,"volc","sw",0,NA,0,NA
"roda",2,116,"ferr","sw",1,12,12,31
"roda",2,117,"ferr","it",1,5,5,22
"roda",2,118,"ferr","it",1,5,5,24
"roda",2,119,"ferr","it",0,NA,0,NA
"roda",2,120,"ferr","it",0,NA,0,NA
"roda",2,121,"volc","sw",1,5,5,17
"roda",2,122,"volc","sw",1,8,8,16
"roda",2,123,"volc","sw",1,4,4,20
"roda",2,124,"volc","sw",1,7,7,25
"roda",2,125,"ferr","sw",1,10,10,22
"roda",2,126,"ferr","sw",1,17,17,32
"roda",2,127,"ferr","sw",1,14,14,30
"roda",2,128,"volc","sw",1,11,11,34
"roda",2,129,"volc","sw",1,13,13,33
"roda",2,130,"ferr","sw",0,NA,0,NA
"roda",2,131,"volc","sw",1,8,8,24
"roda",2,132,"volc","sw",1,11,11,24
"roda",2,133,"volc","it",1,3,3,13
"roda",2,134,"ferr","it",1,2,2,9
"roda",2,135,"volc","sw",1,5,5,13
"roda",2,136,"volc","it",0,NA,0,NA
"roda",2,137,"volc","it",1,9,9,20
"roda",2,138,"volc","it",1,5,5,22
"roda",2,139,"volc","it",0,NA,0,NA
"roda",2,140,"ferr","sw",1,10,10,30
"roda",2,141,"volc","sw",1,7,7,23
"roda",2,142,"ferr","sw",1,9,9,24
"roda",2,143,"volc","it",0,NA,0,NA
"roda",2,144,"volc","it",0,NA,0,NA
"roda",2,145,"ferr","it",0,NA,0,NA
"roda",2,146,"ferr","sw",1,7,7,25
"roda",2,147,"ferr","it",0,NA,0,NA
"roda",2,148,"ferr","sw",1,12,12,28
"roda",2,149,"volc","sw",1,3,3,NA
"roda",2,150,"volc","sw",1,11,11,21
"roda",2,151,"ferr","it",0,NA,0,NA
"roda",2,152,"ferr","it",0,NA,0,NA
"roda",2,153,"ferr","it",0,NA,0,NA
"roda",2,154,"ferr","it",0,NA,0,NA
"roda",2,155,"volc","sw",1,10,10,25
"roda",2,156,"ferr","it",1,3,3,14
"roda",2,157,"ferr","sw",1,9,9,23
"roda",2,158,"ferr","sw",1,8,8,26
"roda",2,159,"ferr","it",0,NA,0,NA
"roda",2,160,"ferr","it",0,NA,0,NA
"roda",2,161,"volc","it",0,NA,0,NA
"roda",2,162,"volc","sw",1,7,7,22
"roda",2,163,"volc","sw",1,1,1,NA
"roda",2,164,"volc","it",1,1,1,NA
"roda",2,165,"ferr","sw",1,6,6,18
"roda",2,166,"volc","it",0,NA,0,NA
"roda",2,167,"ferr","it",1,9,9,28
"roda",2,168,"ferr","it",0,NA,0,NA
"roda",2,169,"ferr","sw",1,9,9,19
"roda",2,170,"ferr","sw",1,11,11,26
"roda",2,171,"ferr","sw",1,6,6,20
"roda",2,172,"volc","it",0,NA,0,NA
"roda",2,173,"volc","sw",1,11,11,29
"roda",2,174,"ferr","it",1,4,4,16
"roda",2,175,"volc","sw",1,5,5,14
"roda",2,176,"ferr","it",1,9,9,NA
"roda",2,177,"ferr","it",0,NA,0,NA
"roda",2,178,"volc","it",0,NA,0,NA
"roda",2,179,"ferr","it",0,NA,0,29
"roda",2,180,"ferr","sw",1,16,16,38
"roda",2,181,"ferr","it",0,NA,0,NA
"roda",2,182,"volc","sw",1,20,20,31
"roda",2,183,"ferr","it",0,NA,0,NA
"roda",2,184,"volc","sw",1,13,13,33
"roda",2,185,"volc","it",0,NA,0,NA
"roda",2,186,"volc","it",1,4,4,14
"roda",2,187,"ferr","it",0,NA,0,NA
"roda",2,188,"volc","sw",1,12,12,33
"roda",2,189,"volc","sw",1,10,10,26
"roda",2,190,"volc","it",0,NA,0,NA
"roda",2,191,"ferr","it",0,NA,0,NA
"roda",2,192,"volc","sw",1,15,15,31
"roda",2,193,"ferr","it",0,NA,0,NA
"roda",2,194,"ferr","it",0,NA,0,NA
"roda",2,195,"volc","it",NA,NA,NA,NA
"roda",2,196,"volc","sw",1,14,14,18
"roda",2,197,"volc","sw",1,8,8,7
"roda",2,198,"ferr","sw",1,9,9,22
"roda",2,199,"volc","it",0,NA,0,NA
"roda",2,200,"volc","it",0,NA,0,NA
"roda",2,201,"volc","sw",1,9,9,25
"roda",2,202,"volc","sw",1,10,10,27
"roda",2,203,"volc","sw",1,10,10,21
"roda",2,204,"ferr","sw",1,10,10,21
"roda",2,205,"ferr","sw",1,11,11,NA
"roda",2,206,"ferr","sw",1,6,6,21
"roda",2,207,"volc","sw",1,15,15,36
"roda",2,208,"ferr","it",0,NA,0,NA
"roda",2,209,"volc","it",0,NA,0,NA
"roda",2,210,"ferr","sw",1,9,9,20
"roda",2,211,"volc","sw",1,10,10,26
"roda",2,212,"ferr","it",1,7,7,23
"roda",2,213,"ferr","sw",1,10,10,29
"roda",2,214,"volc","it",0,NA,0,NA
"roda",2,215,"ferr","sw",1,12,12,30
"roda",2,216,"volc","it",1,7,7,23
"roda",2,217,"ferr","it",0,NA,0,NA
"roda",2,218,"volc","sw",1,8,8,21
"roda",2,219,"ferr","sw",1,11,11,23
"roda",2,220,"ferr","sw",1,7,7,16
"roda",2,221,"volc","sw",1,15,15,35
"roda",2,222,"volc","it",0,NA,0,NA
"roda",2,223,"ferr","it",0,NA,0,NA
"roda",2,224,"ferr","it",0,NA,0,NA
"roda",2,225,"ferr","it",0,NA,0,NA
"roda",2,226,"ferr","it",0,NA,0,NA
"roda",2,227,"ferr","it",0,NA,0,NA
"roda",2,228,"ferr","it",0,NA,0,NA
"roda",2,229,"ferr","sw",1,10,10,32
"roda",2,230,"volc","it",0,NA,0,NA
"roda",2,231,"ferr","it",0,NA,0,NA
"roda",2,232,"ferr","sw",1,8,8,28
"roda",2,233,"ferr","sw",1,11,11,27
"roda",2,234,"ferr","sw",1,23,23,28
"roda",2,235,"ferr","sw",1,14,14,32
"roda",2,236,"ferr","sw",1,10,10,25
"roda",2,237,"volc","sw",1,10,10,21
"roda",2,238,"ferr","sw",1,4,4,14
"roda",2,239,"volc","it",0,NA,0,NA
"roda",2,240,"ferr","it",0,NA,0,NA
"roda",2,241,"ferr","sw",1,8,8,28
"roda",2,242,"ferr","sw",0,NA,0,NA
"roda",2,243,"ferr","it",0,NA,0,NA
"roda",2,244,"volc","sw",1,6,6,20
"roda",2,245,"ferr","sw",1,12,12,31
"roda",2,246,"ferr","it",0,NA,0,NA
"roda",2,247,"ferr","sw",1,17,17,31
"roda",2,248,"ferr","sw",1,12,12,31
"roda",2,249,"volc","it",0,NA,0,NA
"roda",2,250,"volc","it",0,NA,0,NA
"roda",2,251,"ferr","it",0,NA,0,NA
"roda",2,252,"ferr","sw",0,NA,0,NA
"roda",2,253,"volc","sw",0,NA,0,NA
"roda",2,254,"volc","it",0,NA,0,NA
"roda",2,255,"volc","it",1,9,9,29
"roda",2,256,"volc","sw",0,NA,0,NA
"roda",2,257,"volc","it",0,NA,0,NA
"roda",2,258,"ferr","it",0,NA,0,NA
"roda",2,259,"volc","sw",1,10,10,28
"roda",2,260,"ferr","it",0,NA,0,NA
"roda",3,1,"ferr","it",0,NA,0,NA
"roda",3,2,"ferr","it",1,5,5,14
"roda",3,3,"volc","it",1,6,6,NA
"roda",3,4,"ferr","sw",1,9,9,NA
"roda",3,5,"ferr","it",0,NA,0,NA
"roda",3,6,"volc","it",1,7,7,NA
"roda",3,7,"ferr","sw",1,8,8,22
"roda",3,8,"ferr","it",1,11,11,6
"roda",3,9,"volc","sw",1,7,7,NA
"roda",3,10,"ferr","it",1,13,13,NA
"roda",3,11,"volc","sw",1,11,11,26
"roda",3,12,"volc","it",0,NA,0,NA
"roda",3,13,"ferr","it",1,6,6,NA
"roda",3,14,"ferr","sw",1,12,12,NA
"roda",3,15,"ferr","sw",1,7,7,NA
"roda",3,16,"ferr","it",1,2,2,NA
"roda",3,17,"ferr","sw",1,11,11,NA
"roda",3,18,"ferr","it",1,11,11,NA
"roda",3,19,"volc","it",0,NA,0,NA
"roda",3,20,"ferr","sw",1,12,12,19
"roda",3,21,"ferr","sw",1,11,11,NA
"roda",3,22,"ferr","it",1,6,6,NA
"roda",3,23,"volc","it",0,NA,0,NA
"roda",3,24,"ferr","sw",1,8,8,NA
"roda",3,25,"volc","sw",1,7,7,8
"roda",3,26,"volc","it",1,6,6,7
"roda",3,27,"ferr","sw",1,11,11,6
"roda",3,28,"volc","it",1,4,4,NA
"roda",3,29,"ferr","it",1,5,5,NA
"roda",3,30,"ferr","it",1,6,6,NA
"roda",3,31,"ferr","sw",1,8,8,NA
"roda",3,32,"ferr","sw",1,6,6,23
"roda",3,33,"volc","it",1,4,4,NA
"roda",3,34,"ferr","sw",1,5,5,NA
"roda",3,35,"ferr","sw",1,5,5,NA
"roda",3,36,"ferr","it",0,NA,0,NA
"roda",3,37,"ferr","sw",1,6,6,16
"roda",3,38,"volc","sw",1,4,4,18
"roda",3,39,"ferr","it",0,NA,0,NA
"roda",3,40,"ferr","sw",1,12,12,15
"roda",3,41,"ferr","it",1,2,2,9
"roda",3,42,"volc","it",0,NA,0,NA
"roda",3,43,"volc","sw",1,11,11,NA
"roda",3,44,"volc","sw",1,8,8,21
"roda",3,45,"ferr","sw",1,11,11,21
"roda",3,46,"ferr","it",1,4,4,7
"roda",3,47,"volc","sw",1,8,8,NA
"roda",3,48,"volc","sw",1,6,6,5
"roda",3,49,"volc","sw",1,7,7,NA
"roda",3,50,"ferr","sw",1,11,11,NA
"roda",3,51,"volc","it",0,NA,0,NA
"roda",3,52,"volc","it",0,NA,0,NA
"roda",3,53,"ferr","sw",1,11,11,NA
"roda",3,54,"volc","sw",1,6,6,NA
"roda",3,55,"volc","it",1,3,3,NA
"roda",3,56,"volc","it",1,14,14,33
"roda",3,57,"volc","it",0,NA,0,20
"roda",3,58,"ferr","it",1,8,8,NA
"roda",3,59,"volc","sw",1,7,7,NA
"roda",3,60,"volc","it",1,6,6,21
"roda",3,61,"ferr","sw",1,10,10,NA
"roda",3,62,"volc","it",1,6,6,NA
"roda",3,63,"ferr","it",1,6,6,4
"roda",3,64,"ferr","it",1,4,4,NA
"roda",3,65,"ferr","it",1,10,10,NA
"roda",3,66,"ferr","it",0,NA,0,NA
"roda",3,67,"volc","it",0,NA,0,NA
"roda",3,68,"ferr","sw",1,9,9,NA
"roda",3,69,"ferr","it",1,3,3,NA
"roda",3,70,"volc","sw",1,4,4,NA
"roda",3,71,"ferr","sw",1,9,9,28
"roda",3,72,"ferr","sw",1,5,5,NA
"roda",3,73,"volc","it",1,2,2,NA
"roda",3,74,"ferr","sw",0,NA,0,NA
"roda",3,75,"volc","sw",1,9,9,NA
"roda",3,76,"volc","it",0,NA,0,NA
"roda",3,77,"volc","it",1,7,7,19
"roda",3,78,"volc","sw",1,11,11,NA
"roda",3,79,"volc","it",0,NA,0,NA
"roda",3,80,"ferr","it",0,NA,0,NA
"roda",3,81,"ferr","it",1,4,4,9
"roda",3,82,"ferr","sw",0,NA,0,NA
"roda",3,83,"volc","it",0,NA,0,NA
"roda",3,84,"volc","it",1,11,11,21
"roda",3,85,"volc","sw",0,NA,0,NA
"roda",3,86,"volc","sw",1,8,8,NA
"roda",3,87,"ferr","sw",1,10,10,23
"roda",3,88,"volc","it",1,4,4,NA
"roda",3,89,"volc","sw",1,3,3,NA
"roda",3,90,"volc","sw",1,6,6,22
"roda",3,91,"volc","sw",1,9,9,NA
"roda",3,92,"volc","sw",1,8,8,13
"roda",3,93,"volc","sw",1,12,12,28
"roda",3,94,"volc","sw",1,8,8,NA
"roda",3,95,"volc","sw",1,5,5,13
"roda",3,96,"volc","it",0,NA,0,NA
"roda",3,97,"ferr","sw",1,6,6,NA
"roda",3,98,"volc","it",1,3,3,NA
"roda",3,99,"ferr","sw",1,10,10,NA
"roda",3,100,"ferr","it",1,5,5,NA
"roda",3,101,"ferr","it",1,4,4,NA
"roda",3,102,"ferr","it",0,NA,0,NA
"roda",3,103,"volc","it",1,4,4,NA
"roda",3,104,"ferr","sw",1,9,9,23
"roda",3,105,"ferr","it",0,NA,0,NA
"roda",3,106,"ferr","it",1,4,4,NA
"roda",3,107,"ferr","sw",1,11,11,30
"roda",3,108,"volc","it",0,NA,0,NA
"roda",3,109,"volc","it",0,NA,0,NA
"roda",3,110,"ferr","it",0,NA,0,NA
"roda",3,111,"volc","sw",1,10,10,NA
"roda",3,112,"volc","sw",1,12,12,26
"roda",3,113,"ferr","it",1,7,7,NA
"roda",3,114,"volc","sw",1,3,3,5
"roda",3,115,"ferr","it",1,6,6,NA
"roda",3,116,"ferr","it",1,4,4,19
"roda",3,117,"ferr","sw",1,11,11,24
"roda",3,118,"ferr","it",0,NA,0,NA
"roda",3,119,"ferr","it",0,NA,0,NA
"roda",3,120,"ferr","it",0,NA,0,NA
"roda",3,121,"ferr","sw",1,9,9,22
"roda",3,122,"ferr","it",0,NA,0,NA
"roda",3,123,"volc","it",1,5,5,NA
"roda",3,124,"ferr","it",0,NA,0,NA
"roda",3,125,"ferr","it",0,NA,0,NA
"roda",3,126,"ferr","sw",1,10,10,NA
"roda",3,127,"volc","sw",1,7,7,19
"roda",3,128,"volc","sw",1,8,8,20
"roda",3,129,"volc","sw",1,5,5,NA
"roda",3,130,"volc","sw",1,15,15,29
"roda",3,131,"ferr","sw",1,20,20,18
"roda",3,132,"ferr","sw",1,6,6,17
"roda",3,133,"volc","it",0,NA,0,NA
"roda",3,134,"volc","it",0,NA,0,NA
"roda",3,135,"ferr","it",1,2,2,NA
"roda",3,136,"volc","it",0,NA,0,NA
"roda",3,137,"ferr","sw",1,4,4,NA
"roda",3,138,"ferr","sw",1,13,13,24
"roda",3,139,"ferr","it",1,4,4,NA
"roda",3,140,"ferr","it",0,NA,0,NA
"roda",3,141,"volc","sw",1,6,6,NA
"roda",3,142,"volc","it",0,NA,0,NA
"roda",3,143,"ferr","it",1,7,7,9
"roda",3,144,"volc","sw",1,11,11,29
"roda",3,145,"volc","it",0,NA,0,NA
"roda",3,146,"volc","sw",1,11,11,27
"roda",3,147,"volc","sw",1,7,7,NA
"roda",3,148,"volc","sw",1,10,10,27
"roda",3,149,"volc","sw",1,6,6,19
"roda",3,150,"ferr","it",1,6,6,NA
"roda",3,151,"volc","sw",1,5,5,17
"roda",3,152,"volc","sw",1,7,7,23
"roda",3,153,"ferr","it",0,NA,0,NA
"roda",3,154,"volc","sw",1,8,8,25
"roda",3,155,"ferr","sw",1,8,8,26
"roda",3,156,"ferr","sw",0,NA,0,NA
"roda",3,157,"volc","it",0,NA,0,NA
"roda",3,158,"volc","sw",1,6,6,14
"roda",3,159,"volc","it",0,NA,0,NA
"roda",3,160,"volc","sw",1,11,11,NA
"roda",3,161,"ferr","it",1,2,2,23
"roda",3,162,"volc","sw",1,8,8,22
"roda",3,163,"volc","it",0,NA,0,NA
"roda",3,164,"volc","it",1,4,4,NA
"roda",3,165,"ferr","it",1,6,6,NA
"roda",3,166,"volc","sw",1,8,8,21
"roda",3,167,"ferr","sw",1,9,9,25
"roda",3,168,"volc","it",0,NA,0,NA
"roda",3,169,"ferr","it",0,NA,0,NA
"roda",3,170,"ferr","sw",1,11,11,22
"roda",3,171,"volc","sw",1,12,12,21
"roda",3,172,"volc","sw",1,11,11,27
"roda",3,173,"ferr","it",0,NA,0,NA
"roda",3,174,"ferr","sw",1,8,8,28
"roda",3,175,"ferr","sw",1,8,8,20
"roda",3,176,"ferr","sw",1,8,8,21
"roda",3,177,"volc","sw",1,14,14,31
"roda",3,178,"ferr","sw",1,10,10,27
"roda",3,179,"ferr","sw",1,5,5,NA
"roda",3,180,"volc","it",0,NA,0,NA
"roda",3,181,"volc","sw",1,8,8,23
"roda",3,182,"volc","it",0,NA,0,NA
"roda",3,183,"ferr","it",0,NA,0,NA
"roda",3,184,"ferr","it",0,NA,0,NA
"roda",3,185,"volc","sw",1,13,13,22
"roda",3,186,"volc","sw",1,12,12,29
"roda",3,187,"ferr","sw",1,7,7,16
"roda",3,188,"ferr","it",0,NA,0,21
"roda",3,189,"ferr","sw",1,9,9,NA
"roda",3,190,"volc","sw",1,8,8,20
"roda",3,191,"ferr","sw",1,6,6,17
"roda",3,192,"volc","sw",1,10,10,24
"roda",3,193,"volc","sw",1,5,5,13
"roda",3,194,"volc","it",0,NA,0,NA
"roda",3,195,"ferr","it",0,NA,0,NA
"roda",3,196,"ferr","it",0,NA,0,NA
"roda",3,197,"ferr","sw",1,10,10,22
"roda",3,198,"volc","it",0,NA,0,NA
"roda",3,199,"ferr","sw",1,6,6,17
"roda",3,200,"ferr","sw",1,6,6,15
"roda",3,201,"ferr","sw",1,8,8,25
"roda",3,202,"volc","it",0,NA,0,NA
"roda",3,203,"ferr","it",0,NA,0,NA
"roda",3,204,"ferr","sw",1,5,5,13
"roda",3,205,"volc","it",0,NA,0,NA
"roda",3,206,"volc","sw",1,8,8,20
"roda",3,207,"volc","it",0,NA,0,NA
"roda",3,208,"volc","it",0,NA,0,NA
"roda",3,209,"volc","sw",1,19,19,34
"roda",3,210,"volc","sw",1,5,5,17
"roda",3,211,"volc","it",0,NA,0,NA
"roda",3,212,"volc","it",0,NA,0,NA
"roda",3,213,"ferr","sw",1,14,14,30
"roda",3,214,"ferr","it",0,NA,0,NA
"roda",3,215,"volc","sw",1,6,6,NA
"roda",3,216,"ferr","sw",1,4,4,5
"roda",3,217,"volc","sw",1,5,5,9
"roda",3,218,"volc","it",0,NA,0,NA
"roda",3,219,"volc","it",1,10,10,NA
"roda",3,220,"ferr","sw",1,9,9,NA
"roda",3,221,"ferr","it",0,NA,0,NA
"roda",3,222,"volc","it",0,NA,0,NA
"roda",3,223,"volc","sw",1,6,6,NA
"roda",3,224,"volc","sw",1,2,2,13
"roda",3,225,"ferr","sw",1,7,7,20
"roda",3,226,"ferr","sw",1,13,13,25
"roda",3,227,"ferr","it",0,NA,0,NA
"roda",3,228,"volc","it",0,NA,0,NA
"roda",3,229,"volc","it",0,NA,0,NA
"roda",3,230,"ferr","it",0,NA,0,NA
"roda",3,231,"volc","it",0,NA,0,NA
"roda",3,232,"ferr","sw",0,NA,0,NA
"roda",3,233,"ferr","sw",0,NA,0,NA
"roda",3,234,"ferr","it",0,NA,0,NA
"roda",3,235,"volc","sw",1,16,16,22
"roda",3,236,"volc","sw",1,10,10,21
"roda",3,237,"volc","it",0,NA,0,NA
"roda",3,238,"volc","it",0,NA,0,NA
"roda",3,239,"ferr","it",0,NA,0,NA
"roda",3,240,"ferr","it",0,NA,0,NA
"roda",3,241,"volc","it",1,4,4,NA
"roda",3,242,"volc","it",0,NA,0,NA
"roda",3,243,"ferr","it",1,3,3,18
"roda",3,244,"ferr","sw",0,NA,0,NA
"roda",3,245,"volc","it",0,NA,0,NA
"roda",3,246,"ferr","it",0,NA,0,NA
"roda",3,247,"volc","it",0,NA,0,NA
"roda",3,248,"volc","it",0,NA,0,NA
"roda",3,249,"volc","it",0,NA,0,NA
"roda",3,250,"ferr","sw",0,NA,0,NA
"roda",3,251,"ferr","it",1,6,6,NA
"roda",3,252,"volc","sw",1,8,8,10
"roda",3,253,"ferr","it",1,3,3,NA
"roda",3,254,"volc","sw",1,7,7,15
"roda",3,255,"ferr","sw",1,18,18,25
"roda",3,256,"volc","sw",0,NA,0,NA
"roda",3,257,"ferr","it",0,NA,0,NA
"roda",3,258,"volc","it",0,NA,0,NA
"roda",3,259,"volc","it",0,NA,0,NA
"roda",3,260,"ferr","sw",1,16,16,34
"roda",4,1,"ferr","sw",1,9,9,14
"roda",4,2,"volc","sw",0,NA,0,NA
"roda",4,3,"ferr","sw",1,7,7,20
"roda",4,4,"volc","it",0,NA,0,NA
"roda",4,5,"ferr","sw",1,6,6,NA
"roda",4,6,"volc","it",1,7,7,13
"roda",4,7,"ferr","it",1,2,2,NA
"roda",4,8,"ferr","it",1,12,12,NA
"roda",4,9,"volc","it",1,3,3,4
"roda",4,10,"ferr","it",1,10,10,9
"roda",4,11,"ferr","it",1,6,6,NA
"roda",4,12,"volc","it",1,9,9,NA
"roda",4,13,"volc","sw",0,NA,0,NA
"roda",4,14,"ferr","it",1,11,11,NA
"roda",4,15,"volc","sw",1,6,6,NA
"roda",4,16,"volc","sw",1,8,8,21
"roda",4,17,"volc","it",1,3,3,NA
"roda",4,18,"ferr","sw",1,9,9,25
"roda",4,19,"ferr","it",1,3,3,NA
"roda",4,20,"volc","sw",1,12,12,22
"roda",4,21,"volc","it",0,NA,0,NA
"roda",4,22,"volc","sw",1,12,12,23
"roda",4,23,"ferr","sw",1,15,15,29
"roda",4,24,"volc","it",1,4,4,NA
"roda",4,25,"volc","it",1,8,8,15
"roda",4,26,"volc","it",1,4,4,NA
"roda",4,27,"volc","sw",1,5,5,20
"roda",4,28,"ferr","sw",1,4,4,NA
"roda",4,29,"ferr","it",1,6,6,NA
"roda",4,30,"ferr","sw",1,6,6,8
"roda",4,31,"ferr","sw",1,5,5,NA
"roda",4,32,"volc","sw",1,6,6,7
"roda",4,33,"ferr","it",1,4,4,4
"roda",4,34,"volc","sw",1,9,9,21
"roda",4,35,"volc","sw",1,4,4,14
"roda",4,36,"ferr","sw",1,11,11,NA
"roda",4,37,"ferr","sw",1,6,6,NA
"roda",4,38,"ferr","sw",1,8,8,NA
"roda",4,39,"volc","it",0,NA,0,NA
"roda",4,40,"ferr","sw",1,11,11,NA
"roda",4,41,"volc","sw",1,5,5,NA
"roda",4,42,"volc","sw",1,3,3,NA
"roda",4,43,"volc","it",0,NA,0,NA
"roda",4,44,"ferr","sw",1,5,5,NA
"roda",4,45,"ferr","it",0,NA,0,NA
"roda",4,46,"ferr","it",1,3,3,NA
"roda",4,47,"ferr","sw",1,3,3,NA
"roda",4,48,"ferr","it",1,10,10,8
"roda",4,49,"volc","it",1,4,4,NA
"roda",4,50,"ferr","it",0,NA,0,NA
"roda",4,51,"volc","it",1,4,4,NA
"roda",4,52,"ferr","sw",1,10,10,30
"roda",4,53,"ferr","sw",1,9,9,18
"roda",4,54,"volc","sw",1,4,4,NA
"roda",4,55,"volc","it",0,NA,0,NA
"roda",4,56,"ferr","sw",1,6,6,20
"roda",4,57,"volc","it",0,NA,0,NA
"roda",4,58,"ferr","it",0,NA,0,NA
"roda",4,59,"volc","it",0,NA,0,NA
"roda",4,60,"volc","it",1,3,3,NA
"roda",4,61,"ferr","it",1,6,6,NA
"roda",4,62,"ferr","it",0,NA,0,NA
"roda",4,63,"volc","it",0,NA,0,NA
"roda",4,64,"volc","it",0,NA,0,NA
"roda",4,65,"volc","sw",1,15,15,10
"roda",4,66,"ferr","sw",1,6,6,15
"roda",4,67,"ferr","sw",1,8,8,23
"roda",4,68,"volc","it",0,NA,0,NA
"roda",4,69,"ferr","it",0,NA,0,NA
"roda",4,70,"volc","sw",1,10,10,21
"roda",4,71,"ferr","it",1,5,5,18
"roda",4,72,"ferr","it",0,NA,0,NA
"roda",4,73,"volc","sw",1,4,4,18
"roda",4,74,"volc","sw",1,7,7,22
"roda",4,75,"volc","it",1,5,5,NA
"roda",4,76,"ferr","it",0,NA,0,NA
"roda",4,77,"ferr","it",0,NA,0,20
"roda",4,78,"ferr","sw",1,9,9,NA
"roda",4,79,"volc","sw",1,3,3,16
"roda",4,80,"volc","sw",0,NA,0,NA
"roda",4,81,"volc","it",0,NA,0,NA
"roda",4,82,"ferr","sw",1,8,8,24
"roda",4,83,"volc","sw",1,9,9,24
"roda",4,84,"ferr","it",0,NA,0,NA
"roda",4,85,"ferr","sw",1,1,1,NA
"roda",4,86,"ferr","it",0,NA,0,NA
"roda",4,87,"ferr","it",1,8,8,21
"roda",4,88,"ferr","it",0,NA,0,NA
"roda",4,89,"volc","it",0,NA,0,NA
"roda",4,90,"volc","sw",1,11,11,26
"roda",4,91,"ferr","sw",1,11,11,24
"roda",4,92,"ferr","it",1,5,5,22
"roda",4,93,"volc","it",1,6,6,NA
"roda",4,94,"ferr","it",1,6,6,NA
"roda",4,95,"volc","it",0,NA,0,NA
"roda",4,96,"volc","it",1,3,3,17
"roda",4,97,"ferr","sw",1,7,7,24
"roda",4,98,"volc","it",0,NA,0,NA
"roda",4,99,"ferr","sw",1,4,4,NA
"roda",4,100,"volc","it",1,3,3,NA
"roda",4,101,"volc","sw",1,8,8,29
"roda",4,102,"volc","it",1,7,7,22
"roda",4,103,"ferr","it",0,NA,0,NA
"roda",4,104,"volc","it",0,NA,0,NA
"roda",4,105,"ferr","sw",1,9,9,15
"roda",4,106,"ferr","it",1,8,8,21
"roda",4,107,"ferr","sw",1,5,5,19
"roda",4,108,"ferr","it",0,NA,0,NA
"roda",4,109,"ferr","it",0,NA,0,NA
"roda",4,110,"ferr","it",0,NA,0,NA
"roda",4,111,"volc","it",1,6,6,12
"roda",4,112,"volc","it",1,4,4,NA
"roda",4,113,"ferr","it",1,6,6,17
"roda",4,114,"volc","it",1,5,5,NA
"roda",4,115,"ferr","it",1,5,5,NA
"roda",4,116,"volc","it",1,4,4,NA
"roda",4,117,"ferr","sw",1,12,12,29
"roda",4,118,"ferr","sw",1,14,14,29
"roda",4,119,"volc","sw",1,5,5,18
"roda",4,120,"volc","sw",1,11,11,26
"roda",4,121,"volc","sw",1,8,8,13
"roda",4,122,"volc","sw",1,11,11,NA
"roda",4,123,"ferr","sw",1,4,4,18
"roda",4,124,"ferr","sw",1,8,8,23
"roda",4,125,"ferr","it",1,3,3,NA
"roda",4,126,"volc","sw",1,7,7,19
"roda",4,127,"volc","it",1,3,3,4
"roda",4,128,"ferr","sw",1,10,10,21
"roda",4,129,"volc","it",0,NA,0,NA
"roda",4,130,"ferr","it",0,NA,0,NA
"roda",4,131,"ferr","sw",1,5,5,15
"roda",4,132,"ferr","it",0,NA,0,NA
"roda",4,133,"ferr","it",1,8,8,11
"roda",4,134,"ferr","it",0,NA,0,NA
"roda",4,135,"ferr","sw",1,9,9,NA
"roda",4,136,"ferr","it",0,NA,0,NA
"roda",4,137,"volc","sw",0,NA,0,NA
"roda",4,138,"ferr","sw",1,7,7,NA
"roda",4,139,"volc","sw",1,6,6,21
"roda",4,140,"volc","it",1,3,3,NA
"roda",4,141,"volc","sw",1,10,10,27
"roda",4,142,"volc","it",0,NA,0,NA
"roda",4,143,"volc","sw",1,7,7,NA
"roda",4,144,"ferr","sw",0,NA,0,NA
"roda",4,145,"volc","it",0,NA,0,NA
"roda",4,146,"ferr","sw",1,8,8,11
"roda",4,147,"volc","it",1,4,4,NA
"roda",4,148,"volc","it",0,NA,0,NA
"roda",4,149,"ferr","it",1,2,2,NA
"roda",4,150,"volc","sw",1,6,6,11
"roda",4,151,"volc","sw",1,8,8,19
"roda",4,152,"volc","it",0,NA,0,NA
"roda",4,153,"volc","it",1,1,1,NA
"roda",4,154,"ferr","it",1,2,2,NA
"roda",4,155,"volc","sw",1,9,9,30
"roda",4,156,"ferr","it",1,6,6,17
"roda",4,157,"volc","it",0,NA,0,NA
"roda",4,158,"ferr","sw",1,4,4,16
"roda",4,159,"volc","sw",1,8,8,NA
"roda",4,160,"ferr","it",1,5,5,12
"roda",4,161,"volc","sw",1,9,9,22
"roda",4,162,"volc","sw",1,8,8,22
"roda",4,163,"ferr","sw",1,3,3,NA
"roda",4,164,"volc","it",0,NA,0,NA
"roda",4,165,"ferr","sw",1,7,7,13
"roda",4,166,"ferr","sw",1,6,6,NA
"roda",4,167,"ferr","sw",1,4,4,NA
"roda",4,168,"volc","sw",1,10,10,25
"roda",4,169,"volc","sw",1,17,17,31
"roda",4,170,"ferr","sw",0,NA,0,NA
"roda",4,171,"volc","it",0,NA,0,NA
"roda",4,172,"ferr","sw",1,5,5,NA
"roda",4,173,"volc","sw",1,10,10,19
"roda",4,174,"ferr","it",0,NA,0,NA
"roda",4,175,"volc","it",0,NA,0,NA
"roda",4,176,"volc","it",1,3,3,19
"roda",4,177,"ferr","sw",1,7,7,21
"roda",4,178,"ferr","sw",1,11,11,NA
"roda",4,179,"volc","it",1,2,2,NA
"roda",4,180,"ferr","sw",1,7,7,22
"roda",4,181,"volc","sw",1,7,7,24
"roda",4,182,"ferr","it",1,2,2,NA
"roda",4,183,"volc","it",1,3,3,NA
"roda",4,184,"volc","it",1,8,8,20
"roda",4,185,"ferr","it",1,5,5,NA
"roda",4,186,"ferr","it",0,NA,0,NA
"roda",4,187,"ferr","sw",1,7,7,19
"roda",4,188,"ferr","it",0,NA,0,NA
"roda",4,189,"volc","sw",1,9,9,24
"roda",4,190,"ferr","it",1,2,2,18
"roda",4,191,"ferr","it",0,NA,0,NA
"roda",4,192,"volc","it",0,NA,0,NA
"roda",4,193,"volc","it",1,4,4,4
"roda",4,194,"ferr","it",1,8,8,15
"roda",4,195,"volc","sw",1,15,15,28
"roda",4,196,"ferr","it",1,9,9,NA
"roda",4,197,"ferr","it",1,9,9,11
"roda",4,198,"ferr","it",0,NA,0,NA
"roda",4,199,"volc","sw",1,8,8,21
"roda",4,200,"ferr","it",0,NA,0,NA
"roda",4,201,"volc","it",0,NA,0,NA
"roda",4,202,"volc","sw",1,11,11,31
"roda",4,203,"volc","it",0,NA,0,NA
"roda",4,204,"volc","it",1,2,2,NA
"roda",4,205,"ferr","sw",1,7,7,NA
"roda",4,206,"ferr","sw",1,8,8,17
"roda",4,207,"volc","sw",1,8,8,20
"roda",4,208,"volc","sw",1,6,6,26
"roda",4,209,"volc","sw",0,NA,0,NA
"roda",4,210,"volc","sw",1,9,9,18
"roda",4,211,"ferr","it",1,6,6,NA
"roda",4,212,"volc","it",1,8,8,22
"roda",4,213,"ferr","sw",0,NA,0,NA
"roda",4,214,"ferr","sw",1,7,7,22
"roda",4,215,"volc","it",0,NA,0,NA
"roda",4,216,"ferr","it",0,NA,0,NA
"roda",4,217,"ferr","sw",0,NA,0,NA
"roda",4,218,"ferr","sw",1,2,2,NA
"roda",4,219,"volc","it",1,3,3,NA
"roda",4,220,"ferr","sw",1,7,7,NA
"roda",4,221,"volc","sw",1,7,7,15
"roda",4,222,"volc","sw",0,NA,0,NA
"roda",4,223,"volc","sw",1,10,10,17
"roda",4,224,"volc","sw",1,10,10,24
"roda",4,225,"volc","it",0,NA,0,NA
"roda",4,226,"ferr","sw",1,13,13,29
"roda",4,227,"ferr","sw",1,8,8,26
"roda",4,228,"ferr","sw",1,9,9,NA
"roda",4,229,"ferr","sw",1,13,13,22
"roda",4,230,"ferr","it",0,NA,0,NA
"roda",4,231,"ferr","it",0,NA,0,NA
"roda",4,232,"volc","it",0,NA,0,NA
"roda",4,233,"volc","it",1,3,3,NA
"roda",4,234,"ferr","sw",1,12,12,24
"roda",4,235,"volc","sw",1,7,7,NA
"roda",4,236,"volc","it",0,NA,0,NA
"roda",4,237,"ferr","sw",1,9,9,NA
"roda",4,238,"volc","it",0,NA,0,NA
"roda",4,239,"ferr","it",0,NA,0,NA
"roda",4,240,"ferr","sw",1,7,7,21
"roda",4,241,"ferr","sw",0,NA,0,NA
"roda",4,242,"ferr","it",1,6,6,13
"roda",4,243,"ferr","it",0,NA,0,NA
"roda",4,244,"volc","sw",1,8,8,NA
"roda",4,245,"volc","sw",1,6,6,9
"roda",4,246,"volc","sw",1,7,7,20
"roda",4,247,"volc","sw",1,10,10,21
"roda",4,248,"volc","sw",1,10,10,23
"roda",4,249,"volc","it",0,NA,0,NA
"roda",4,250,"volc","sw",1,12,12,NA
"roda",4,251,"volc","it",0,NA,0,NA
"roda",4,252,"ferr","sw",1,9,9,18
"roda",4,253,"ferr","it",0,NA,0,NA
"roda",4,254,"volc","sw",1,7,7,32
"roda",4,255,"volc","sw",1,5,5,19
"roda",4,256,"ferr","it",0,NA,0,NA
"roda",4,257,"volc","sw",1,8,8,NA
"roda",4,258,"ferr","it",1,1,1,NA
"roda",4,259,"ferr","it",1,2,2,NA
"roda",4,260,"volc","sw",1,5,5,24
